[
    {
        "id": "1",
        "uuid": "f3f27ccf-1394-41f9-9aae-2ef86dc3b656",
        "firstname": "Mauricio",
        "lastname": "Martinez Martinez",
        "attitude": null,
        "phone_number": null,
        "comments": null,
        "prefix": null,
        "alias": null,
        "access_code": null,
        "deleted_at": null,
        "created_at": "2024-01-09 21:50:54",
        "updated_at": "2024-01-09 21:50:54"
    },
    {
        "id": "2",
        "uuid": "415a82f3-5d70-42e4-9de4-351a7ee9e846",
        "firstname": "BLAS",
        "lastname": "ROMERO TRUJILLO",
        "attitude": null,
        "phone_number": null,
        "comments": null,
        "prefix": null,
        "alias": null,
        "access_code": null,
        "deleted_at": null,
        "created_at": "2024-01-09 22:05:56",
        "updated_at": "2024-01-09 22:05:56"
    },
    {
        "id": "3",
        "uuid": "305c6638-0e24-45d9-a1c3-340cd1eac5f5",
        "firstname": "TEODORITA",
        "lastname": "ROJAS QUINTERO",
        "attitude": null,
        "phone_number": null,
        "comments": null,
        "prefix": null,
        "alias": null,
        "access_code": null,
        "deleted_at": null,
        "created_at": "2024-01-09 22:06:40",
        "updated_at": "2024-01-09 22:06:40"
    },
    {
        "id": "4",
        "uuid": "e07ebea5-8447-4a49-8480-a278f044d45a",
        "firstname": "KARLA SUSANA",
        "lastname": "FLORES",
        "attitude": null,
        "phone_number": null,
        "comments": null,
        "prefix": null,
        "alias": null,
        "access_code": null,
        "deleted_at": null,
        "created_at": "2024-01-09 22:10:00",
        "updated_at": "2024-01-09 22:10:00"
    },
    {
        "id": "5",
        "uuid": "70d1fc9a-e35f-4841-847d-05b339a5f588",
        "firstname": "VICENTE",
        "lastname": "FRANCO SANCHEZ",
        "attitude": null,
        "phone_number": null,
        "comments": null,
        "prefix": null,
        "alias": null,
        "access_code": null,
        "deleted_at": null,
        "created_at": "2024-01-09 22:11:45",
        "updated_at": "2024-01-09 22:11:45"
    },
    {
        "id": "6",
        "uuid": "12d88bab-ee4e-4f57-bcf6-95f70093f712",
        "firstname": "ELIZABETH",
        "lastname": "SANCHEZ PICHARDO",
        "attitude": null,
        "phone_number": null,
        "comments": null,
        "prefix": null,
        "alias": null,
        "access_code": null,
        "deleted_at": null,
        "created_at": "2024-01-09 22:22:59",
        "updated_at": "2024-01-09 22:22:59"
    },
    {
        "id": "7",
        "uuid": "04564a83-62b2-4a8f-a6c9-142203c0e787",
        "firstname": "JORGE HOMERO",
        "lastname": "ROSAS JUAREZ",
        "attitude": null,
        "phone_number": null,
        "comments": null,
        "prefix": null,
        "alias": null,
        "access_code": null,
        "deleted_at": null,
        "created_at": "2024-01-09 22:24:02",
        "updated_at": "2024-01-09 22:24:02"
    },
    {
        "id": "8",
        "uuid": "052b9e4d-f5d7-45f0-b37d-84d27cfceb2a",
        "firstname": "FIDEL",
        "lastname": "JIMENEZ PINEDA",
        "attitude": null,
        "phone_number": null,
        "comments": null,
        "prefix": null,
        "alias": null,
        "access_code": null,
        "deleted_at": null,
        "created_at": "2024-01-09 23:48:00",
        "updated_at": "2024-01-09 23:48:00"
    },
    {
        "id": "9",
        "uuid": "e06677b1-391d-4021-8002-9a81d39fb1af",
        "firstname": "WENDY MICHELLE",
        "lastname": "SANDOVAL",
        "attitude": null,
        "phone_number": null,
        "comments": null,
        "prefix": null,
        "alias": null,
        "access_code": null,
        "deleted_at": null,
        "created_at": "2024-01-10 00:22:19",
        "updated_at": "2024-01-10 00:22:19"
    },
    {
        "id": "10",
        "uuid": "83124b2c-308b-4e56-9d1a-26a06002bdb3",
        "firstname": "GEOGINA",
        "lastname": "GONZALEZ",
        "attitude": null,
        "phone_number": null,
        "comments": null,
        "prefix": null,
        "alias": null,
        "access_code": null,
        "deleted_at": null,
        "created_at": "2024-01-10 00:23:31",
        "updated_at": "2024-01-10 00:23:31"
    },
    {
        "id": "11",
        "uuid": "13f27c13-1c85-4913-b271-adf8973eacdc",
        "firstname": "ALEJANDRO ISAI",
        "lastname": "DOMINGUEZ ORTIZ",
        "attitude": null,
        "phone_number": null,
        "comments": null,
        "prefix": null,
        "alias": null,
        "access_code": null,
        "deleted_at": null,
        "created_at": "2024-01-10 00:27:44",
        "updated_at": "2024-01-10 00:27:44"
    },
    {
        "id": "12",
        "uuid": "9a36a551-b8cc-4576-add8-fc7fd686c1a6",
        "firstname": "JESUS",
        "lastname": "DOMINGUEZ MENESES",
        "attitude": null,
        "phone_number": null,
        "comments": null,
        "prefix": null,
        "alias": null,
        "access_code": null,
        "deleted_at": null,
        "created_at": "2024-01-10 00:28:34",
        "updated_at": "2024-01-10 00:28:34"
    },
    {
        "id": "13",
        "uuid": "cbd9ad91-7ad6-425f-96a0-94e1c44a818b",
        "firstname": "ALFONSO",
        "lastname": "MARTINEZ BAROJAS",
        "attitude": null,
        "phone_number": null,
        "comments": null,
        "prefix": null,
        "alias": null,
        "access_code": null,
        "deleted_at": null,
        "created_at": "2024-01-10 00:29:19",
        "updated_at": "2024-01-10 00:29:19"
    },
    {
        "id": "14",
        "uuid": "5e2ec507-b2cb-4a07-b3c9-bec81a5c50d8",
        "firstname": "MA. DE LA LUZ",
        "lastname": "GONZALEZ",
        "attitude": null,
        "phone_number": null,
        "comments": null,
        "prefix": null,
        "alias": null,
        "access_code": null,
        "deleted_at": null,
        "created_at": "2024-01-10 00:30:07",
        "updated_at": "2024-01-10 00:30:07"
    },
    {
        "id": "15",
        "uuid": "572024b0-3d7c-4848-80f3-3786318fa207",
        "firstname": "MARIA",
        "lastname": "PASTRANA USCANGA",
        "attitude": null,
        "phone_number": null,
        "comments": null,
        "prefix": null,
        "alias": null,
        "access_code": null,
        "deleted_at": null,
        "created_at": "2024-01-10 00:33:24",
        "updated_at": "2024-01-10 00:33:24"
    },
    {
        "id": "16",
        "uuid": "ab5d21c7-a9ae-43fb-95e0-33fc0aa7fc8f",
        "firstname": "EMANUEL",
        "lastname": "VILLANUEVA",
        "attitude": null,
        "phone_number": null,
        "comments": null,
        "prefix": null,
        "alias": null,
        "access_code": null,
        "deleted_at": null,
        "created_at": "2024-01-10 00:34:33",
        "updated_at": "2024-01-10 00:34:33"
    },
    {
        "id": "17",
        "uuid": "253e775a-4c91-4179-8e22-5929beb6199e",
        "firstname": "ANGEL ONIEL",
        "lastname": "GRANADOS GONZALEZ",
        "attitude": null,
        "phone_number": null,
        "comments": null,
        "prefix": null,
        "alias": null,
        "access_code": null,
        "deleted_at": null,
        "created_at": "2024-01-10 01:48:26",
        "updated_at": "2024-01-10 01:48:26"
    },
    {
        "id": "18",
        "uuid": "d26663a8-ada9-407d-8c2b-5eb2a36be7e8",
        "firstname": "DANIELA",
        "lastname": "MOTA BRUNO",
        "attitude": null,
        "phone_number": null,
        "comments": null,
        "prefix": null,
        "alias": null,
        "access_code": null,
        "deleted_at": null,
        "created_at": "2024-01-10 01:51:16",
        "updated_at": "2024-01-10 01:51:16"
    },
    {
        "id": "19",
        "uuid": "8d40acc6-9ff9-4a24-995c-5b8b49fabfd8",
        "firstname": "LUZ MARIA",
        "lastname": "PEREZ GARCIA",
        "attitude": null,
        "phone_number": null,
        "comments": null,
        "prefix": null,
        "alias": null,
        "access_code": null,
        "deleted_at": null,
        "created_at": "2024-01-10 01:51:53",
        "updated_at": "2024-01-10 01:51:53"
    },
    {
        "id": "20",
        "uuid": "dbf1bad3-e341-44b5-919d-2e50c2cdfea8",
        "firstname": "HESIQUIO",
        "lastname": "MOLINA HERNANDEZ",
        "attitude": null,
        "phone_number": null,
        "comments": null,
        "prefix": null,
        "alias": null,
        "access_code": null,
        "deleted_at": null,
        "created_at": "2024-01-10 01:55:09",
        "updated_at": "2024-01-10 01:55:09"
    },
    {
        "id": "21",
        "uuid": "429a612a-ac10-4fbf-bfaa-151b2e5f53d6",
        "firstname": "JOSE VICTOR",
        "lastname": "SANCHEZ GONZALEZ",
        "attitude": null,
        "phone_number": null,
        "comments": null,
        "prefix": null,
        "alias": null,
        "access_code": null,
        "deleted_at": null,
        "created_at": "2024-01-10 01:56:21",
        "updated_at": "2024-01-10 01:56:21"
    },
    {
        "id": "22",
        "uuid": "ee3fd767-9225-4a65-86b0-8e4567b01608",
        "firstname": "FROYLAN",
        "lastname": "LUNA PRADO",
        "attitude": null,
        "phone_number": null,
        "comments": null,
        "prefix": null,
        "alias": null,
        "access_code": null,
        "deleted_at": null,
        "created_at": "2024-01-10 01:57:11",
        "updated_at": "2024-01-10 01:57:11"
    },
    {
        "id": "23",
        "uuid": "a9887a57-8860-4a57-8fba-1c5b7b37d797",
        "firstname": "LINA",
        "lastname": "GARCIA MARTINEZ",
        "attitude": null,
        "phone_number": null,
        "comments": null,
        "prefix": null,
        "alias": null,
        "access_code": null,
        "deleted_at": null,
        "created_at": "2024-01-10 01:57:44",
        "updated_at": "2024-01-10 01:57:44"
    },
    {
        "id": "24",
        "uuid": "be1c3fd9-eeb5-40d0-99ad-afd96cbf9e24",
        "firstname": "VICTORIA",
        "lastname": "SANCHEZ JUAREZ",
        "attitude": null,
        "phone_number": null,
        "comments": null,
        "prefix": null,
        "alias": null,
        "access_code": null,
        "deleted_at": null,
        "created_at": "2024-01-10 01:58:32",
        "updated_at": "2024-01-10 01:58:32"
    },
    {
        "id": "25",
        "uuid": "4d96cff5-5bde-46dc-b1ea-93dd33987037",
        "firstname": "FERMIN",
        "lastname": "MIRANDA HERNANDEZ",
        "attitude": null,
        "phone_number": null,
        "comments": null,
        "prefix": null,
        "alias": null,
        "access_code": null,
        "deleted_at": null,
        "created_at": "2024-01-10 02:01:21",
        "updated_at": "2024-01-10 02:01:21"
    },
    {
        "id": "26",
        "uuid": "7fa1ddd6-d5f8-4b01-bf7f-e96648b2b233",
        "firstname": "BLANCA E.",
        "lastname": "VILLA FERNANDEZ",
        "attitude": null,
        "phone_number": null,
        "comments": null,
        "prefix": null,
        "alias": null,
        "access_code": null,
        "deleted_at": null,
        "created_at": "2024-01-10 02:54:08",
        "updated_at": "2024-01-10 02:54:08"
    },
    {
        "id": "27",
        "uuid": "4e6deb27-11fe-4444-9a59-54051b6a691d",
        "firstname": "JOSE LUIS",
        "lastname": "CLAVIJERO CASTELLANOS",
        "attitude": null,
        "phone_number": null,
        "comments": null,
        "prefix": null,
        "alias": null,
        "access_code": null,
        "deleted_at": null,
        "created_at": "2024-01-10 02:55:40",
        "updated_at": "2024-01-10 02:55:40"
    },
    {
        "id": "28",
        "uuid": "0a8b7ff8-3ad5-4c23-becf-94a27824657c",
        "firstname": "XOCHITL EDUVIGES",
        "lastname": "AGUILAR LOPEZ",
        "attitude": null,
        "phone_number": null,
        "comments": null,
        "prefix": null,
        "alias": null,
        "access_code": null,
        "deleted_at": null,
        "created_at": "2024-01-10 02:56:27",
        "updated_at": "2024-01-10 02:56:27"
    },
    {
        "id": "29",
        "uuid": "7f12f8f7-528c-49b4-9fc4-189a84b7dffc",
        "firstname": "ERWIN",
        "lastname": "ALTAMIRANO CANCINO",
        "attitude": null,
        "phone_number": null,
        "comments": null,
        "prefix": null,
        "alias": null,
        "access_code": null,
        "deleted_at": null,
        "created_at": "2024-01-10 02:57:12",
        "updated_at": "2024-01-10 02:57:12"
    },
    {
        "id": "30",
        "uuid": "07132098-133f-48fe-98b2-34c8002b4520",
        "firstname": "MARCELA",
        "lastname": "SANCHEZ HEREDIA",
        "attitude": null,
        "phone_number": null,
        "comments": null,
        "prefix": null,
        "alias": null,
        "access_code": null,
        "deleted_at": null,
        "created_at": "2024-01-10 02:57:43",
        "updated_at": "2024-01-10 02:57:43"
    },
    {
        "id": "31",
        "uuid": "48fe025f-087e-4f13-9f38-bad43f1819bc",
        "firstname": "MARIA ELENA",
        "lastname": "ESCRIBANO",
        "attitude": null,
        "phone_number": null,
        "comments": null,
        "prefix": null,
        "alias": null,
        "access_code": null,
        "deleted_at": null,
        "created_at": "2024-01-10 02:58:16",
        "updated_at": "2024-01-10 02:58:16"
    },
    {
        "id": "32",
        "uuid": "b1572b24-7303-4253-9267-5a68a8930c1d",
        "firstname": "YESSICA",
        "lastname": "GONZALEZ GUARNEROS",
        "attitude": null,
        "phone_number": null,
        "comments": null,
        "prefix": null,
        "alias": null,
        "access_code": null,
        "deleted_at": null,
        "created_at": "2024-01-10 03:44:47",
        "updated_at": "2024-01-10 03:44:47"
    },
    {
        "id": "33",
        "uuid": "6add2ee6-475d-4389-a04a-4df6a57786ab",
        "firstname": "MARIBEL",
        "lastname": "VASQUEZ BONILLA",
        "attitude": null,
        "phone_number": null,
        "comments": null,
        "prefix": null,
        "alias": null,
        "access_code": null,
        "deleted_at": null,
        "created_at": "2024-01-10 03:45:31",
        "updated_at": "2024-01-10 03:45:31"
    },
    {
        "id": "34",
        "uuid": "a2f05b94-3bd9-4abc-81ce-c606645e4361",
        "firstname": "JOSE GALDINO",
        "lastname": "ARELLANO HERNANDEZ",
        "attitude": null,
        "phone_number": null,
        "comments": null,
        "prefix": null,
        "alias": null,
        "access_code": null,
        "deleted_at": null,
        "created_at": "2024-01-10 03:48:30",
        "updated_at": "2024-01-10 03:48:30"
    },
    {
        "id": "35",
        "uuid": "36c27857-b713-495c-92e2-93b13f627271",
        "firstname": "ANA GUADALUPE",
        "lastname": "RODRIGUEZ CASTRO",
        "attitude": null,
        "phone_number": null,
        "comments": null,
        "prefix": null,
        "alias": null,
        "access_code": null,
        "deleted_at": null,
        "created_at": "2024-01-10 03:49:51",
        "updated_at": "2024-01-10 03:49:51"
    },
    {
        "id": "36",
        "uuid": "3a517fb8-6d56-4d30-bbb2-0293a4b039df",
        "firstname": "MIREYA",
        "lastname": "PALAFOX TORRES",
        "attitude": null,
        "phone_number": null,
        "comments": null,
        "prefix": null,
        "alias": null,
        "access_code": null,
        "deleted_at": null,
        "created_at": "2024-01-10 03:50:40",
        "updated_at": "2024-01-10 03:50:40"
    },
    {
        "id": "37",
        "uuid": "8822dfc2-054e-41b8-a82b-15e781c425e4",
        "firstname": "ANGELINA",
        "lastname": "MARTINEZ COLORADO",
        "attitude": null,
        "phone_number": null,
        "comments": null,
        "prefix": null,
        "alias": null,
        "access_code": null,
        "deleted_at": null,
        "created_at": "2024-01-10 03:51:19",
        "updated_at": "2024-01-10 03:51:19"
    },
    {
        "id": "38",
        "uuid": "12525834-fa47-458d-9f0a-18f7f8470e87",
        "firstname": "ZULMIRA",
        "lastname": "MARIN ROSAS",
        "attitude": null,
        "phone_number": null,
        "comments": null,
        "prefix": null,
        "alias": null,
        "access_code": null,
        "deleted_at": null,
        "created_at": "2024-01-10 03:58:03",
        "updated_at": "2024-01-10 03:58:03"
    },
    {
        "id": "39",
        "uuid": "08b56d90-be28-49b5-8158-9cddaba4b289",
        "firstname": "CLAUDIA",
        "lastname": "RAMIREZ ALVARADO",
        "attitude": null,
        "phone_number": null,
        "comments": null,
        "prefix": null,
        "alias": null,
        "access_code": null,
        "deleted_at": null,
        "created_at": "2024-01-10 03:59:31",
        "updated_at": "2024-01-10 03:59:31"
    },
    {
        "id": "40",
        "uuid": "bed2a987-a2cb-4560-821d-735fa0833df5",
        "firstname": "EDMUNDO",
        "lastname": "RODRIGUEZ",
        "attitude": null,
        "phone_number": null,
        "comments": null,
        "prefix": null,
        "alias": null,
        "access_code": null,
        "deleted_at": null,
        "created_at": "2024-01-10 04:01:15",
        "updated_at": "2024-01-10 04:01:15"
    },
    {
        "id": "41",
        "uuid": "b76f055e-fa0f-4e21-8171-2c08c80c028a",
        "firstname": "ELIZABETH",
        "lastname": "RODRIGUEZ GONZALEZ",
        "attitude": null,
        "phone_number": null,
        "comments": null,
        "prefix": null,
        "alias": null,
        "access_code": null,
        "deleted_at": null,
        "created_at": "2024-01-10 04:02:09",
        "updated_at": "2024-01-10 04:02:09"
    },
    {
        "id": "42",
        "uuid": "e6814fd6-f688-4156-8d17-c7caf06144e9",
        "firstname": "JUAN ANTONIO",
        "lastname": "VANDA",
        "attitude": null,
        "phone_number": null,
        "comments": null,
        "prefix": null,
        "alias": null,
        "access_code": null,
        "deleted_at": null,
        "created_at": "2024-01-11 00:27:54",
        "updated_at": "2024-01-11 00:27:54"
    },
    {
        "id": "43",
        "uuid": "06e6d3b8-4895-4a03-8265-1f2949ea6b3e",
        "firstname": "ALBERTA",
        "lastname": "FUENTES RINCON",
        "attitude": null,
        "phone_number": null,
        "comments": null,
        "prefix": null,
        "alias": null,
        "access_code": null,
        "deleted_at": null,
        "created_at": "2024-01-11 00:29:27",
        "updated_at": "2024-01-11 00:29:27"
    },
    {
        "id": "44",
        "uuid": "a49ede5a-233c-4934-b76c-27e3605d6814",
        "firstname": "SERGIO",
        "lastname": "ROSAS OLIVARES",
        "attitude": null,
        "phone_number": null,
        "comments": null,
        "prefix": null,
        "alias": null,
        "access_code": null,
        "deleted_at": null,
        "created_at": "2024-01-11 00:31:16",
        "updated_at": "2024-01-11 00:31:16"
    },
    {
        "id": "45",
        "uuid": "d75c18ca-167a-45d0-bc66-3cb1dd167fdb",
        "firstname": "FERNANDO",
        "lastname": "LIMON LOPEZ",
        "attitude": null,
        "phone_number": null,
        "comments": null,
        "prefix": null,
        "alias": null,
        "access_code": null,
        "deleted_at": null,
        "created_at": "2024-01-11 00:32:21",
        "updated_at": "2024-01-11 00:32:21"
    },
    {
        "id": "46",
        "uuid": "4a469f9e-dbcd-4762-9017-f9db2632cc7d",
        "firstname": "EMILIA",
        "lastname": "CRUZ SILVA",
        "attitude": null,
        "phone_number": null,
        "comments": null,
        "prefix": null,
        "alias": null,
        "access_code": null,
        "deleted_at": null,
        "created_at": "2024-01-11 00:33:23",
        "updated_at": "2024-01-11 00:33:23"
    },
    {
        "id": "47",
        "uuid": "8a645ed9-b02a-4923-b9a6-abc395bbbe7e",
        "firstname": "RITA CECILIA",
        "lastname": "OLIVARES REYES",
        "attitude": null,
        "phone_number": null,
        "comments": null,
        "prefix": null,
        "alias": null,
        "access_code": null,
        "deleted_at": null,
        "created_at": "2024-01-11 00:34:33",
        "updated_at": "2024-01-11 00:34:33"
    },
    {
        "id": "48",
        "uuid": "4e57af98-1227-4308-8665-b501bb3f188c",
        "firstname": "JOEL",
        "lastname": "GOMEZ SANCHEZ",
        "attitude": null,
        "phone_number": null,
        "comments": null,
        "prefix": null,
        "alias": null,
        "access_code": null,
        "deleted_at": null,
        "created_at": "2024-01-11 00:39:40",
        "updated_at": "2024-01-11 00:39:40"
    },
    {
        "id": "49",
        "uuid": "cf9ef393-7b69-468c-b5c3-626ef3e5cbff",
        "firstname": "JOSE ANTONIO",
        "lastname": "RAMON R.",
        "attitude": null,
        "phone_number": null,
        "comments": null,
        "prefix": null,
        "alias": null,
        "access_code": null,
        "deleted_at": null,
        "created_at": "2024-01-11 00:41:21",
        "updated_at": "2024-01-11 00:41:21"
    },
    {
        "id": "50",
        "uuid": "06088de3-7dc3-44b5-b01b-54d60459ec32",
        "firstname": "ALEJANDRO",
        "lastname": "ROSAS SOLANO",
        "attitude": null,
        "phone_number": null,
        "comments": null,
        "prefix": null,
        "alias": null,
        "access_code": null,
        "deleted_at": null,
        "created_at": "2024-01-11 00:42:40",
        "updated_at": "2024-01-11 00:42:40"
    },
    {
        "id": "51",
        "uuid": "f8e10d74-f680-40f2-b6e6-17f3552aa5a6",
        "firstname": "WINSTON DEL ANGEL",
        "lastname": "MUÑOZ PEREZ",
        "attitude": null,
        "phone_number": null,
        "comments": null,
        "prefix": null,
        "alias": null,
        "access_code": null,
        "deleted_at": null,
        "created_at": "2024-01-11 00:47:46",
        "updated_at": "2024-01-11 00:47:46"
    },
    {
        "id": "52",
        "uuid": "1b5623e4-7f19-4a05-89ea-2ec461449545",
        "firstname": "RICARDO",
        "lastname": "RAMOS AGUIRRE",
        "attitude": null,
        "phone_number": null,
        "comments": null,
        "prefix": null,
        "alias": null,
        "access_code": null,
        "deleted_at": null,
        "created_at": "2024-01-11 00:49:40",
        "updated_at": "2024-01-11 00:49:40"
    },
    {
        "id": "53",
        "uuid": "2ee7523a-61c4-4e83-8115-46d187491c95",
        "firstname": "ESTELA",
        "lastname": "MAYORAL MORGADO",
        "attitude": null,
        "phone_number": null,
        "comments": null,
        "prefix": null,
        "alias": null,
        "access_code": null,
        "deleted_at": null,
        "created_at": "2024-01-11 00:50:42",
        "updated_at": "2024-01-11 00:50:42"
    },
    {
        "id": "54",
        "uuid": "393b915e-c7e2-466d-8bb1-65f9eaf1ade0",
        "firstname": "JOAQUIN",
        "lastname": "SOTO RODRIGUEZ",
        "attitude": null,
        "phone_number": null,
        "comments": null,
        "prefix": null,
        "alias": null,
        "access_code": null,
        "deleted_at": null,
        "created_at": "2024-01-11 00:51:43",
        "updated_at": "2024-01-11 00:51:43"
    },
    {
        "id": "55",
        "uuid": "16154123-c6ea-43c6-a204-fdc082e7069a",
        "firstname": "DIANA",
        "lastname": "SOTO NEPOMUCENO",
        "attitude": null,
        "phone_number": null,
        "comments": null,
        "prefix": null,
        "alias": null,
        "access_code": null,
        "deleted_at": null,
        "created_at": "2024-01-11 00:53:08",
        "updated_at": "2024-01-11 00:53:08"
    },
    {
        "id": "56",
        "uuid": "8f31868c-e7fc-4e36-ac70-7599da840a02",
        "firstname": "ISELA",
        "lastname": "BURGOS ROSAS",
        "attitude": null,
        "phone_number": null,
        "comments": null,
        "prefix": null,
        "alias": null,
        "access_code": null,
        "deleted_at": null,
        "created_at": "2024-01-11 01:02:15",
        "updated_at": "2024-01-11 01:02:15"
    },
    {
        "id": "57",
        "uuid": "18d8d0a1-03db-4671-9510-419d4e2e2ee1",
        "firstname": "ALFREDO",
        "lastname": "PALAFOX LUNA",
        "attitude": null,
        "phone_number": null,
        "comments": null,
        "prefix": null,
        "alias": null,
        "access_code": null,
        "deleted_at": null,
        "created_at": "2024-01-11 01:03:10",
        "updated_at": "2024-01-11 01:03:10"
    },
    {
        "id": "58",
        "uuid": "604d4b8b-6d72-476e-9b4a-175f257e5980",
        "firstname": "DULCE DEL CARMEN",
        "lastname": "LECHUGA SUAREZ",
        "attitude": null,
        "phone_number": null,
        "comments": null,
        "prefix": null,
        "alias": null,
        "access_code": null,
        "deleted_at": null,
        "created_at": "2024-01-11 01:04:16",
        "updated_at": "2024-01-11 01:04:16"
    },
    {
        "id": "59",
        "uuid": "b8495585-3257-417c-b848-1dcc47b0bb8b",
        "firstname": "ADRIANA MARIA",
        "lastname": "POPOCA MARTINEZ",
        "attitude": null,
        "phone_number": null,
        "comments": null,
        "prefix": null,
        "alias": null,
        "access_code": null,
        "deleted_at": null,
        "created_at": "2024-01-11 01:05:11",
        "updated_at": "2024-01-11 01:05:11"
    },
    {
        "id": "60",
        "uuid": "37e56cd7-a004-4138-af1d-04a8c43a90d2",
        "firstname": "BEATRIZ",
        "lastname": "VELA TELLEZ",
        "attitude": null,
        "phone_number": null,
        "comments": null,
        "prefix": null,
        "alias": null,
        "access_code": null,
        "deleted_at": null,
        "created_at": "2024-01-11 01:05:50",
        "updated_at": "2024-01-11 01:05:50"
    },
    {
        "id": "61",
        "uuid": "8350f9e7-eba5-426e-837c-0a6d9cf1410c",
        "firstname": "MARINA",
        "lastname": "SANCHEZ CONTRERAS",
        "attitude": null,
        "phone_number": null,
        "comments": null,
        "prefix": null,
        "alias": null,
        "access_code": null,
        "deleted_at": null,
        "created_at": "2024-01-11 01:06:43",
        "updated_at": "2024-01-11 01:06:43"
    },
    {
        "id": "62",
        "uuid": "e8618b1d-87eb-4d37-9603-a1b6709f4b8d",
        "firstname": "JANETH",
        "lastname": "HILARIO LOPEZ",
        "attitude": null,
        "phone_number": null,
        "comments": null,
        "prefix": null,
        "alias": null,
        "access_code": null,
        "deleted_at": null,
        "created_at": "2024-01-11 01:07:36",
        "updated_at": "2024-01-11 01:07:36"
    },
    {
        "id": "63",
        "uuid": "353a0038-80f5-4c78-97f7-f458e5158c06",
        "firstname": "ARCELIA",
        "lastname": "VAZQUEZ GUERRA",
        "attitude": null,
        "phone_number": null,
        "comments": null,
        "prefix": null,
        "alias": null,
        "access_code": null,
        "deleted_at": null,
        "created_at": "2024-01-11 01:10:08",
        "updated_at": "2024-01-11 01:10:08"
    },
    {
        "id": "64",
        "uuid": "e5d63132-5514-4862-9823-972bfe29946d",
        "firstname": "DULCE MARIA",
        "lastname": "JIMENEZ PEÑA",
        "attitude": null,
        "phone_number": null,
        "comments": null,
        "prefix": null,
        "alias": null,
        "access_code": null,
        "deleted_at": null,
        "created_at": "2024-01-11 01:11:15",
        "updated_at": "2024-01-11 01:11:15"
    },
    {
        "id": "65",
        "uuid": "13321826-2c64-4f97-9771-40536da83cca",
        "firstname": "MARIO",
        "lastname": "CLEMENTE HOYOS",
        "attitude": null,
        "phone_number": null,
        "comments": null,
        "prefix": null,
        "alias": null,
        "access_code": null,
        "deleted_at": null,
        "created_at": "2024-01-11 01:13:31",
        "updated_at": "2024-01-11 01:13:31"
    },
    {
        "id": "66",
        "uuid": "baa6e6d1-ddff-4dd6-aacc-1e263f3324e2",
        "firstname": "GERSAIN",
        "lastname": "RAMIREZ C.",
        "attitude": null,
        "phone_number": null,
        "comments": null,
        "prefix": null,
        "alias": null,
        "access_code": null,
        "deleted_at": null,
        "created_at": "2024-01-11 01:14:20",
        "updated_at": "2024-01-11 01:14:20"
    },
    {
        "id": "67",
        "uuid": "72748695-7b0d-4f57-99b1-d057267e5d13",
        "firstname": "JAVIER",
        "lastname": "PULIDO BUSTAMANTE",
        "attitude": null,
        "phone_number": null,
        "comments": null,
        "prefix": null,
        "alias": null,
        "access_code": null,
        "deleted_at": null,
        "created_at": "2024-01-11 01:18:11",
        "updated_at": "2024-01-11 01:18:11"
    },
    {
        "id": "68",
        "uuid": "db796e5e-c8ec-4572-9640-c598fd452f60",
        "firstname": "LORENA",
        "lastname": "VIVEROS ESCOBAR",
        "attitude": null,
        "phone_number": null,
        "comments": null,
        "prefix": null,
        "alias": null,
        "access_code": null,
        "deleted_at": null,
        "created_at": "2024-01-11 01:24:57",
        "updated_at": "2024-01-11 01:24:57"
    },
    {
        "id": "69",
        "uuid": "2345554e-39c3-48a9-b74f-e527436a95b6",
        "firstname": "BERNARDO",
        "lastname": "MORGADO SANDOVAL",
        "attitude": null,
        "phone_number": null,
        "comments": null,
        "prefix": null,
        "alias": null,
        "access_code": null,
        "deleted_at": null,
        "created_at": "2024-01-11 01:26:36",
        "updated_at": "2024-01-11 01:26:36"
    },
    {
        "id": "70",
        "uuid": "d1496e38-e344-413e-9551-7604c6553e60",
        "firstname": "Eder",
        "lastname": "Perez  Romero",
        "attitude": "favor",
        "phone_number": "2717108290",
        "comments": null,
        "prefix": "Sr.",
        "alias": "Edd",
        "access_code": "EPB1XGQ690",
        "deleted_at": null,
        "created_at": "2024-01-22 03:08:50",
        "updated_at": "2024-01-22 03:08:50"
    },
    {
        "id": "71",
        "uuid": "59c208a3-4141-4b1a-987f-ca51efa78162",
        "firstname": "Luis Roberto",
        "lastname": "Hernandez Hernandez",
        "attitude": "favor",
        "phone_number": "2711793035",
        "comments": "Angelica",
        "prefix": "Sra.",
        "alias": "Angelica",
        "access_code": "LHFX6SS335",
        "deleted_at": null,
        "created_at": "2024-01-23 22:40:15",
        "updated_at": "2024-01-23 22:40:15"
    },
    {
        "id": "72",
        "uuid": "d92cab71-0ea5-4796-b103-a667ff30bbd4",
        "firstname": "Vacia",
        "lastname": "Ocasionalmente",
        "attitude": "distrustful",
        "phone_number": "000000",
        "comments": "Esta casa viene ocasionalmente los.fines de semana",
        "prefix": "Sr.",
        "alias": "Sin prefijo",
        "access_code": "VOTPZKF000",
        "deleted_at": null,
        "created_at": "2024-01-23 22:45:59",
        "updated_at": "2024-01-23 22:45:59"
    },
    {
        "id": "73",
        "uuid": "99dd5be5-7331-4d5a-8dbe-2a0f22b7e597",
        "firstname": "Desconocido",
        "lastname": "Desconocido",
        "attitude": "distrustful",
        "phone_number": "0000000",
        "comments": "Vacía procesonde venta.",
        "prefix": "Sr.",
        "alias": "Vacia",
        "access_code": "DD577PS100",
        "deleted_at": null,
        "created_at": "2024-01-23 22:50:05",
        "updated_at": "2024-01-23 22:50:05"
    },
    {
        "id": "74",
        "uuid": "d06e379e-ce5f-4007-9562-8964eaf95f53",
        "firstname": "CARLA VIANEY",
        "lastname": "Arzaba diaz",
        "attitude": "favor",
        "phone_number": "2712150912",
        "comments": "Es la casa de la hija del.señor miguel san Cosme",
        "prefix": "Sra.",
        "alias": "Carla",
        "access_code": "CA3UQ2C612",
        "deleted_at": null,
        "created_at": "2024-01-23 22:53:34",
        "updated_at": "2024-01-23 22:53:34"
    },
    {
        "id": "75",
        "uuid": "bfcc5ce1-8889-4f40-9e1b-2246b55adb59",
        "firstname": "Tomas Alfonso",
        "lastname": "Reyes Torres",
        "attitude": "distrustful",
        "phone_number": "2712450054",
        "comments": "ADRIANA",
        "prefix": "Sr.",
        "alias": "Tomas",
        "access_code": "TR8G9XM754",
        "deleted_at": null,
        "created_at": "2024-01-23 22:59:49",
        "updated_at": "2024-01-23 22:59:49"
    },
    {
        "id": "76",
        "uuid": "060a4369-9235-4d5c-a897-8a8f04a67377",
        "firstname": "Meliton",
        "lastname": "Osorio Alvarez",
        "attitude": "distrustful",
        "phone_number": "000000000",
        "comments": "Vacía",
        "prefix": "Sr.",
        "alias": "Osorio",
        "access_code": "MOZ3DD1000",
        "deleted_at": null,
        "created_at": "2024-01-23 23:09:17",
        "updated_at": "2024-01-23 23:09:17"
    },
    {
        "id": "77",
        "uuid": "78e5af92-3589-4ece-935e-eab0480df9a5",
        "firstname": "Fernando",
        "lastname": "Martinez viveroa",
        "attitude": "distrustful",
        "phone_number": "0000001",
        "comments": "Casa vacia",
        "prefix": "Sr.",
        "alias": "Fernando",
        "access_code": "FMKVLM8101",
        "deleted_at": null,
        "created_at": "2024-01-23 23:11:33",
        "updated_at": "2024-01-23 23:11:33"
    },
    {
        "id": "78",
        "uuid": "167ff7f0-22d5-49ec-bb4d-2eb10172cf9b",
        "firstname": "Desconocido",
        "lastname": "Desconocido",
        "attitude": "distrustful",
        "phone_number": "0000002",
        "comments": "Casa vacia",
        "prefix": "Sr.",
        "alias": "Ninguno",
        "access_code": "DDLHXQL802",
        "deleted_at": null,
        "created_at": "2024-01-23 23:12:20",
        "updated_at": "2024-01-23 23:12:20"
    }
]
