[
    {
        "id": "1",
        "uuid": "502cb8f6-3aac-46bb-aa83-d91274f11866",
        "property_id": "130",
        "firstname": "adriana",
        "lastname": "vazquez",
        "phone_number": "2712438171",
        "folio": "00214/ 00218",
        "amount": "400.00",
        "month": ".Enero-2024",
        "comments": "pago reconexion 300 y 100 de enero EDER110124 / 120124",
        "created_at": "2024-01-13 19:56:41",
        "updated_at": "2024-01-21 05:02:17"
    },
    {
        "id": "2",
        "uuid": "dc8cc229-7e9f-40d0-81d7-dc952511816e",
        "property_id": "309",
        "firstname": "alfredo",
        "lastname": "gasperin nieva",
        "phone_number": null,
        "folio": "00030",
        "amount": "200.00",
        "month": ".Julio-2023",
        "comments": "junio y julio 2023  200 pesos   china",
        "created_at": "2024-01-13 19:58:51",
        "updated_at": "2024-01-20 05:28:14"
    },
    {
        "id": "3",
        "uuid": "92f1fbe9-d4a2-4d6b-a7fb-035dc180bfbd",
        "property_id": "119",
        "firstname": "alfredo",
        "lastname": "palafox",
        "phone_number": "2711937495",
        "folio": "00006/299",
        "amount": "300.00",
        "month": ".Diciembre-2023.Enero-2024.Febrero-2024",
        "comments": "china  121223/  EDER 250124",
        "created_at": "2024-01-13 20:00:16",
        "updated_at": "2024-02-03 22:29:28"
    },
    {
        "id": "4",
        "uuid": "1354a93e-fe7c-4051-9161-5b51aa428a26",
        "property_id": "260",
        "firstname": "alfredo",
        "lastname": "palma",
        "phone_number": null,
        "folio": "00143",
        "amount": "100.00",
        "month": ".Enero-2024",
        "comments": "gris 251223",
        "created_at": "2024-01-13 20:01:14",
        "updated_at": "2024-01-21 03:39:42"
    },
    {
        "id": "5",
        "uuid": "2f299a57-1ce6-45a7-bab1-9f909aa7ce55",
        "property_id": "128",
        "firstname": "amalia",
        "lastname": "sanchez cortez",
        "phone_number": "2781172836",
        "folio": "00211",
        "amount": "100.00",
        "month": ".Enero-2024",
        "comments": "EDER 100123",
        "created_at": "2024-01-13 20:02:12",
        "updated_at": "2024-01-21 04:56:46"
    },
    {
        "id": "6",
        "uuid": "f94d4019-c2b2-47c8-80ee-e393a8d6b258",
        "property_id": "389",
        "firstname": "ana luisa",
        "lastname": "chacon lopez",
        "phone_number": null,
        "folio": "00038",
        "amount": "100.00",
        "month": ".Diciembre-2023",
        "comments": "china",
        "created_at": "2024-01-13 20:03:11",
        "updated_at": "2024-01-20 05:38:07"
    },
    {
        "id": "7",
        "uuid": "e2493a34-4a2f-4c82-8237-d480fa9ae201",
        "property_id": "270",
        "firstname": "beatriz",
        "lastname": "rodriguez medina",
        "phone_number": null,
        "folio": "00151",
        "amount": "200.00",
        "month": ".Septiembre-2023.Octubre-2023",
        "comments": "CHINA 020124",
        "created_at": "2024-01-13 20:08:24",
        "updated_at": "2024-01-21 03:54:22"
    },
    {
        "id": "8",
        "uuid": "0f98d3d0-61e3-4228-8179-316362b8ef30",
        "property_id": "129",
        "firstname": "beatriz",
        "lastname": "vela tellez",
        "phone_number": "2711422155",
        "folio": "00037 - 00156",
        "amount": "400.00",
        "month": ".Octubre-2023.Septiembre-2023.Noviembre-2023.Diciembre-2023",
        "comments": "china        221223  / 080124",
        "created_at": "2024-01-13 20:10:21",
        "updated_at": "2024-01-21 04:02:08"
    },
    {
        "id": "9",
        "uuid": "d34c8b15-f8b9-420d-9d31-d72c5912dcf1",
        "property_id": "421",
        "firstname": "bernado",
        "lastname": "morgado sandoval",
        "phone_number": "2711089477",
        "folio": "00119/289",
        "amount": "200.00",
        "month": ".Diciembre-2023.Enero-2024",
        "comments": "eder  281223/150124",
        "created_at": "2024-01-13 20:11:29",
        "updated_at": "2024-02-03 22:03:02"
    },
    {
        "id": "10",
        "uuid": "a7bd247f-05a0-40bd-934d-82ae9abb67bb",
        "property_id": "547",
        "firstname": "brenda dolores",
        "lastname": "rodriguez serena",
        "phone_number": "2712118710",
        "folio": "102 / 00216",
        "amount": "300.00",
        "month": ".Noviembre-2023.Diciembre-2023.Enero-2024",
        "comments": "eder  121223 / 110124",
        "created_at": "2024-01-13 20:13:11",
        "updated_at": "2024-02-03 19:56:57"
    },
    {
        "id": "11",
        "uuid": "abeec3fa-ac3d-4140-9b4d-cf216ffa5301",
        "property_id": "419",
        "firstname": "carolina",
        "lastname": "olvera gallardo",
        "phone_number": "2711076501",
        "folio": "104",
        "amount": "500.00",
        "month": ".Agosto-2023.Septiembre-2023.Octubre-2023.Noviembre-2023.Diciembre-2023",
        "comments": "eder  161223",
        "created_at": "2024-01-13 20:14:53",
        "updated_at": "2024-01-21 02:58:01"
    },
    {
        "id": "12",
        "uuid": "f9d0a6bd-75b4-46cd-8db1-25ce50da5969",
        "property_id": "1429",
        "firstname": "cecilia",
        "lastname": "castillo dominguez",
        "phone_number": null,
        "folio": "00064",
        "amount": "200.00",
        "month": ".Noviembre-2023.Diciembre-2023",
        "comments": "azucena",
        "created_at": "2024-01-13 20:16:38",
        "updated_at": "2024-01-20 05:54:21"
    },
    {
        "id": "13",
        "uuid": "54b904fe-52b9-48b2-9fb9-48c3fc30101d",
        "property_id": "978",
        "firstname": "celerino hector",
        "lastname": "salmoran gallardo",
        "phone_number": null,
        "folio": "000144 / 00155",
        "amount": "800.00",
        "month": ".Abril-2024.Enero-2024.Febrero-2024.Marzo-2024.Diciembre-2023.Noviembre-2023.Octubre-2023.Septiembre-2023",
        "comments": "la casa esta desocupada griss 271223 /090124",
        "created_at": "2024-01-13 20:19:18",
        "updated_at": "2024-01-21 04:01:04"
    },
    {
        "id": "14",
        "uuid": "f0b84cd3-39e2-4d26-b7f1-ed914a54d877",
        "property_id": "110",
        "firstname": "celia",
        "lastname": "flores sarmiento",
        "phone_number": null,
        "folio": "00150",
        "amount": "100.00",
        "month": ".Noviembre-2023",
        "comments": "CHINA 311223",
        "created_at": "2024-01-13 20:45:56",
        "updated_at": "2024-01-21 03:53:45"
    },
    {
        "id": "15",
        "uuid": "6d9e7c0c-6909-4a81-ad4a-1834c35844a1",
        "property_id": "1254",
        "firstname": "ciro",
        "lastname": "trujillo roman",
        "phone_number": "2711852138",
        "folio": "00049/232",
        "amount": "200.00",
        "month": ".Diciembre-2023.Enero-2024",
        "comments": "PATY  231223/200124",
        "created_at": "2024-01-13 20:48:09",
        "updated_at": "2024-02-03 20:56:44"
    },
    {
        "id": "16",
        "uuid": "6d6b28b8-794c-4139-ad22-e537d7c8752d",
        "property_id": "132",
        "firstname": "cristina",
        "lastname": "barojas CERVANTES",
        "phone_number": null,
        "folio": "00207",
        "amount": "200.00",
        "month": ".Diciembre-2023.Enero-2024",
        "comments": "EDER  070124",
        "created_at": "2024-01-13 20:49:04",
        "updated_at": "2024-02-03 19:51:44"
    },
    {
        "id": "17",
        "uuid": "88dc0b13-cdc1-47f2-b4cb-ebeb8e5ef308",
        "property_id": "511",
        "firstname": "damacia",
        "lastname": "garcia flores",
        "phone_number": null,
        "folio": "00202/287",
        "amount": "1100.00",
        "month": ".Agosto-2023.Septiembre-2023.Octubre-2023.Noviembre-2023.Diciembre-2023.Enero-2024.Febrero-2024.Marzo-2024.Junio-2024.Mayo-2024.Abril-2024",
        "comments": "EDER  301223/150124",
        "created_at": "2024-01-13 20:50:34",
        "updated_at": "2024-02-03 22:01:18"
    },
    {
        "id": "18",
        "uuid": "81967ddf-f59a-4c7f-ba27-e90ab1c4557a",
        "property_id": "868",
        "firstname": "daniel enrique",
        "lastname": "cruz",
        "phone_number": null,
        "folio": "00142",
        "amount": "200.00",
        "month": ".Agosto-2023.Septiembre-2023",
        "comments": null,
        "created_at": "2024-01-13 20:51:40",
        "updated_at": "2024-01-13 20:51:40"
    },
    {
        "id": "19",
        "uuid": "2142c5f6-3fa3-4290-842f-c0401572907a",
        "property_id": "1470",
        "firstname": "daniel",
        "lastname": "romero",
        "phone_number": null,
        "folio": "00078",
        "amount": "100.00",
        "month": ".Diciembre-2023",
        "comments": "azucena",
        "created_at": "2024-01-13 20:54:01",
        "updated_at": "2024-01-20 06:06:59"
    },
    {
        "id": "20",
        "uuid": "c5f9c4c7-864e-4d1b-a9d5-463ecf74c7a3",
        "property_id": "308",
        "firstname": "DOROTEO",
        "lastname": "hernandez lopez",
        "phone_number": null,
        "folio": "00013/266",
        "amount": "200.00",
        "month": ".Diciembre-2023.Enero-2024",
        "comments": "china  161223/160124",
        "created_at": "2024-01-13 20:54:59",
        "updated_at": "2024-02-03 21:15:01"
    },
    {
        "id": "21",
        "uuid": "ea1aa6b4-a53b-441a-a184-fd8c9b99141e",
        "property_id": "125",
        "firstname": "eder",
        "lastname": "perez romero",
        "phone_number": "2717108290",
        "folio": "107",
        "amount": "200.00",
        "month": ".Noviembre-2023.Diciembre-2023",
        "comments": "eder  171223",
        "created_at": "2024-01-13 20:55:53",
        "updated_at": "2024-01-21 02:59:47"
    },
    {
        "id": "22",
        "uuid": "9d1d9cb3-84b6-457b-894e-1853ae7b8e88",
        "property_id": "875",
        "firstname": "elvia maria",
        "lastname": "vazquez garcia",
        "phone_number": null,
        "folio": "00149",
        "amount": "100.00",
        "month": ".Diciembre-2023",
        "comments": "CHINA 311223",
        "created_at": "2024-01-13 20:58:12",
        "updated_at": "2024-01-21 03:53:14"
    },
    {
        "id": "23",
        "uuid": "4bdac7ee-6230-4995-be16-4d44aa5a7b71",
        "property_id": "113",
        "firstname": "emilia",
        "lastname": "cruz silva",
        "phone_number": null,
        "folio": "108/297",
        "amount": "200.00",
        "month": ".Diciembre-2023.Enero-2024",
        "comments": "eder  171223/220124",
        "created_at": "2024-01-13 20:59:14",
        "updated_at": "2024-02-03 22:26:37"
    },
    {
        "id": "24",
        "uuid": "78815fe6-69bc-453f-bf3d-bb8df82210aa",
        "property_id": "243",
        "firstname": "enrique",
        "lastname": "moreno",
        "phone_number": null,
        "folio": "00001/00154",
        "amount": "200.00",
        "month": ".Diciembre-2023.Enero-2024",
        "comments": "china 091223 /china 040124",
        "created_at": "2024-01-13 21:01:01",
        "updated_at": "2024-01-21 04:00:03"
    },
    {
        "id": "25",
        "uuid": "da78aaa3-d955-44fc-a669-90f58736ca67",
        "property_id": "1461",
        "firstname": "enrique",
        "lastname": "nieto",
        "phone_number": null,
        "folio": "00068",
        "amount": "200.00",
        "month": ".Noviembre-2023.Diciembre-2023",
        "comments": "azucena",
        "created_at": "2024-01-13 21:03:28",
        "updated_at": "2024-01-20 05:58:20"
    },
    {
        "id": "26",
        "uuid": "8c46dfca-0d6b-477b-9653-1767589941be",
        "property_id": "471",
        "firstname": "ericka",
        "lastname": "hernandez carrasco",
        "phone_number": "27120133571",
        "folio": "105",
        "amount": "100.00",
        "month": ".Diciembre-2023",
        "comments": "eder  171223",
        "created_at": "2024-01-13 21:04:23",
        "updated_at": "2024-01-21 02:58:47"
    },
    {
        "id": "27",
        "uuid": "a84234b7-5e59-41f3-b318-29963abd7e51",
        "property_id": "487",
        "firstname": "erwin",
        "lastname": "altamirano cancino",
        "phone_number": null,
        "folio": "110",
        "amount": "300.00",
        "month": ".Octubre-2023.Noviembre-2023.Diciembre-2023",
        "comments": "eder 1711223",
        "created_at": "2024-01-13 21:05:24",
        "updated_at": "2024-01-21 03:01:27"
    },
    {
        "id": "28",
        "uuid": "775ccaec-043e-44ff-84ea-0989358a4dff",
        "property_id": "872",
        "firstname": "everardo",
        "lastname": "virgen castillo",
        "phone_number": null,
        "folio": "00018",
        "amount": "100.00",
        "month": ".Diciembre-2023",
        "comments": "china",
        "created_at": "2024-01-13 21:08:57",
        "updated_at": "2024-01-20 05:16:23"
    },
    {
        "id": "29",
        "uuid": "622a12e8-50f3-4aad-b205-42de77bcbf59",
        "property_id": "583",
        "firstname": "felicitas",
        "lastname": "chavez romero",
        "phone_number": "2712551472",
        "folio": "00116",
        "amount": "100.00",
        "month": ".Diciembre-2023",
        "comments": "eder   171223",
        "created_at": "2024-01-13 21:10:04",
        "updated_at": "2024-01-21 03:24:51"
    },
    {
        "id": "30",
        "uuid": "fa62b777-223e-4b10-92a3-ea14de8c123c",
        "property_id": "486",
        "firstname": "francisco",
        "lastname": "garcia figueroa",
        "phone_number": null,
        "folio": "00206",
        "amount": "265.00",
        "month": ".Enero-2024.Septiembre-2023.Octubre-2023.Noviembre-2023.Diciembre-2023",
        "comments": "casa desocupada pago de septiembre a diciembre 50 y enero 65  EDER  070124    265 PESOS",
        "created_at": "2024-01-13 21:13:20",
        "updated_at": "2024-02-03 19:51:25"
    },
    {
        "id": "31",
        "uuid": "101e4785-bb83-4434-ac14-0f79b929d9a0",
        "property_id": "1202",
        "firstname": "francisco javier",
        "lastname": "hernandez martinez",
        "phone_number": "2711044252",
        "folio": "103 / 00210",
        "amount": "200.00",
        "month": ".Diciembre-2023.Enero-2024",
        "comments": "eder  103 121223/ 080124",
        "created_at": "2024-01-13 21:14:59",
        "updated_at": "2024-01-21 04:55:53"
    },
    {
        "id": "32",
        "uuid": "30a4a365-81b0-4c9e-b84d-b5774c5380f0",
        "property_id": "1443",
        "firstname": "francisco",
        "lastname": "pacheco",
        "phone_number": null,
        "folio": "00073/00074",
        "amount": "200.00",
        "month": ".Octubre-2023.Noviembre-2023",
        "comments": "azucena",
        "created_at": "2024-01-13 21:16:24",
        "updated_at": "2024-01-20 06:04:46"
    },
    {
        "id": "33",
        "uuid": "8d48ceb6-00ae-4967-bc9f-4feaa1c1b2bc",
        "property_id": "453",
        "firstname": "francisco",
        "lastname": "villa saavedra",
        "phone_number": null,
        "folio": "00034/267",
        "amount": "400.00",
        "month": ".Julio-2023.Agosto-2023.Septiembre-2023.Octubre-2023",
        "comments": "china 211223/160124",
        "created_at": "2024-01-13 21:17:45",
        "updated_at": "2024-02-03 21:16:15"
    },
    {
        "id": "34",
        "uuid": "2262043e-cb8c-44ab-b050-8a1df792bf91",
        "property_id": "885",
        "firstname": "gabriel",
        "lastname": "calzada garcia",
        "phone_number": null,
        "folio": "000159",
        "amount": "200.00",
        "month": ".Noviembre-2023.Diciembre-2023",
        "comments": "china  090124",
        "created_at": "2024-01-13 21:18:54",
        "updated_at": "2024-01-21 04:04:53"
    },
    {
        "id": "35",
        "uuid": "ae3488bb-9f33-46f0-83eb-8b06c0fc583b",
        "property_id": "2",
        "firstname": "gabriela",
        "lastname": "barragan",
        "phone_number": null,
        "folio": "00025",
        "amount": "200.00",
        "month": ".Diciembre-2023.Noviembre-2023",
        "comments": "china",
        "created_at": "2024-01-13 21:20:15",
        "updated_at": "2024-01-20 05:22:18"
    },
    {
        "id": "36",
        "uuid": "9dc05141-2b95-448f-85d6-b892b8443e4d",
        "property_id": "683",
        "firstname": "gersain",
        "lastname": "ramirez castillo",
        "phone_number": "2711941331",
        "folio": "101",
        "amount": "100.00",
        "month": ".Diciembre-2023",
        "comments": "eder  121223",
        "created_at": "2024-01-13 21:22:01",
        "updated_at": "2024-01-21 02:54:21"
    },
    {
        "id": "37",
        "uuid": "5dcffbf0-e87b-4f11-ae4a-fb4bd6df4248",
        "property_id": "785",
        "firstname": "gilda elena",
        "lastname": "martinez clavijo",
        "phone_number": "2711365316",
        "folio": "50",
        "amount": "100.00",
        "month": ".Diciembre-2023",
        "comments": "PATY  231223",
        "created_at": "2024-01-13 21:23:05",
        "updated_at": "2024-02-03 20:31:47"
    },
    {
        "id": "38",
        "uuid": "06d03727-c5fb-49c2-92e8-33ca631f47bf",
        "property_id": "484",
        "firstname": "gloria",
        "lastname": "gerezano escribano",
        "phone_number": "2293739054",
        "folio": "00220",
        "amount": "200.00",
        "month": ".Enero-2024.Febrero-2024",
        "comments": "EDER 130124",
        "created_at": "2024-01-13 21:26:19",
        "updated_at": "2024-02-03 20:00:48"
    },
    {
        "id": "39",
        "uuid": "622fc968-e15b-4c14-b67a-8311b8e0c9bb",
        "property_id": "677",
        "firstname": "guillermo",
        "lastname": "enciso",
        "phone_number": null,
        "folio": "00011",
        "amount": "400.00",
        "month": ".Noviembre-2023.Diciembre-2023.Enero-2024.Febrero-2024",
        "comments": "china",
        "created_at": "2024-01-13 21:28:37",
        "updated_at": "2024-01-20 05:08:50"
    },
    {
        "id": "40",
        "uuid": "0e808750-8aa3-4503-a291-fb835b9bafa8",
        "property_id": "1501",
        "firstname": "hector",
        "lastname": "martinez apolina",
        "phone_number": null,
        "folio": "00063",
        "amount": "100.00",
        "month": ".Diciembre-2023",
        "comments": "azucena",
        "created_at": "2024-01-13 21:29:35",
        "updated_at": "2024-01-20 05:53:48"
    },
    {
        "id": "41",
        "uuid": "933d7f14-652f-42cd-9c07-b2104cb1fe60",
        "property_id": "1317",
        "firstname": "hilario",
        "lastname": "mendoza sanchez",
        "phone_number": "2712058501",
        "folio": "00117/00212",
        "amount": "300.00",
        "month": ".Noviembre-2023.Diciembre-2023.Enero-2024",
        "comments": "representante calle san jorge    eder  171223 / 100124",
        "created_at": "2024-01-13 21:32:23",
        "updated_at": "2024-01-21 04:57:04"
    },
    {
        "id": "42",
        "uuid": "dd40705e-4e7b-4b9a-98dc-8d54564e0528",
        "property_id": "1257",
        "firstname": "ivan",
        "lastname": "rios",
        "phone_number": "2712153722",
        "folio": "00055/235",
        "amount": "200.00",
        "month": ".Diciembre-2023.Enero-2024",
        "comments": "PATY  020124/240124",
        "created_at": "2024-01-13 21:44:32",
        "updated_at": "2024-02-03 20:51:08"
    },
    {
        "id": "43",
        "uuid": "ba37210b-1b7c-4b11-ad56-161c9cb68cac",
        "property_id": "845",
        "firstname": "jaime",
        "lastname": "hernandez velazques",
        "phone_number": "2711232704",
        "folio": "00047",
        "amount": "100.00",
        "month": ".Diciembre-2023",
        "comments": "PATY  231223",
        "created_at": "2024-01-13 21:46:33",
        "updated_at": "2024-02-03 20:28:36"
    },
    {
        "id": "44",
        "uuid": "aa8bd3c0-9299-4b24-aae5-6cb100eb54a5",
        "property_id": "1181",
        "firstname": "jaime",
        "lastname": "moreno pablo",
        "phone_number": "2711121810",
        "folio": "00046",
        "amount": "500.00",
        "month": ".Agosto-2023.Septiembre-2023.Octubre-2023.Noviembre-2023.Diciembre-2023",
        "comments": "PATY  211223",
        "created_at": "2024-01-13 21:49:35",
        "updated_at": "2024-02-03 20:27:43"
    },
    {
        "id": "45",
        "uuid": "cb524b33-f4be-4cda-be4c-34b5805d87e8",
        "property_id": "780",
        "firstname": "javier",
        "lastname": "lopez solana",
        "phone_number": null,
        "folio": "00146",
        "amount": "100.00",
        "month": ".Diciembre-2023",
        "comments": "CHINA 281223",
        "created_at": "2024-01-13 21:51:38",
        "updated_at": "2024-01-21 03:45:21"
    },
    {
        "id": "46",
        "uuid": "0f24d51e-13ee-4eef-80c0-363dba80ce9f",
        "property_id": "276",
        "firstname": "jesus daniel",
        "lastname": "arcos",
        "phone_number": null,
        "folio": "00158",
        "amount": "300.00",
        "month": ".Noviembre-2023.Diciembre-2023.Enero-2024",
        "comments": "china 080124",
        "created_at": "2024-01-13 21:53:26",
        "updated_at": "2024-01-21 04:04:05"
    },
    {
        "id": "47",
        "uuid": "5bee1c1f-ab25-476e-9234-9352fe55cd1e",
        "property_id": "1448",
        "firstname": "jesus",
        "lastname": "pizarro",
        "phone_number": null,
        "folio": "00067",
        "amount": "300.00",
        "month": ".Julio-2023",
        "comments": "mayo junio y julio  300",
        "created_at": "2024-01-13 21:55:06",
        "updated_at": "2024-01-13 21:55:06"
    },
    {
        "id": "48",
        "uuid": "a7271683-3a45-4a6e-89c1-01d44f7d4f7c",
        "property_id": "1164",
        "firstname": "jose alberto",
        "lastname": "RAMIREZ vazquez",
        "phone_number": "2711030651",
        "folio": "00048/240",
        "amount": "200.00",
        "month": ".Diciembre-2023.Enero-2024",
        "comments": "PATY 231223/270124",
        "created_at": "2024-01-13 21:57:39",
        "updated_at": "2024-02-03 20:30:14"
    },
    {
        "id": "49",
        "uuid": "a48d5327-96fa-487c-aa33-bfa2c02570e8",
        "property_id": "173",
        "firstname": "jose alfredo",
        "lastname": "barojas ramirez",
        "phone_number": "2711350790",
        "folio": "00208",
        "amount": "300.00",
        "month": ".Noviembre-2023.Diciembre-2023.Enero-2024",
        "comments": "EDER 070124",
        "created_at": "2024-01-13 21:58:56",
        "updated_at": "2024-01-21 04:51:37"
    },
    {
        "id": "50",
        "uuid": "f7326cf9-1b37-4b78-9c35-06d7bbe2e115",
        "property_id": "697",
        "firstname": "jose",
        "lastname": "calixto solis",
        "phone_number": null,
        "folio": "00007/00008",
        "amount": "700.00",
        "month": ".Enero-2024.Octubre-2023.Noviembre-2023.Diciembre-2023.Septiembre-2023.Agosto-2023.Julio-2023",
        "comments": "pagado 18 meses al 50% enero normal  total 1000  china",
        "created_at": "2024-01-13 22:00:48",
        "updated_at": "2024-01-20 05:03:54"
    },
    {
        "id": "51",
        "uuid": "146c71de-eb79-4b3b-a367-c80f65935153",
        "property_id": "617",
        "firstname": "jose de jesus",
        "lastname": "hernandez sorCIA",
        "phone_number": null,
        "folio": "00009/263",
        "amount": "100.00",
        "month": ".Diciembre-2023.Enero-2024",
        "comments": "casa vacia 50 pesos 09/50 PESOS 263  china",
        "created_at": "2024-01-13 22:02:04",
        "updated_at": "2024-02-03 21:10:31"
    },
    {
        "id": "52",
        "uuid": "4c14637f-fe91-400e-a502-73cab231c990",
        "property_id": "315",
        "firstname": "pablo",
        "lastname": "rayon ramon",
        "phone_number": null,
        "folio": "112",
        "amount": "100.00",
        "month": ".Diciembre-2023",
        "comments": "eder  171223",
        "created_at": "2024-01-13 22:03:03",
        "updated_at": "2024-01-21 03:16:14"
    },
    {
        "id": "53",
        "uuid": "56800e6e-9e06-4629-9bee-076579497fdb",
        "property_id": "109",
        "firstname": "jose",
        "lastname": "ibañez blanco",
        "phone_number": null,
        "folio": "00141/200",
        "amount": "300.00",
        "month": ".Noviembre-2023.Diciembre-2023.Enero-2024",
        "comments": "china  241223/150124",
        "created_at": "2024-01-13 22:03:43",
        "updated_at": "2024-02-03 19:43:46"
    },
    {
        "id": "54",
        "uuid": "2cb60dc8-0062-4491-b350-de157897d1de",
        "property_id": "245",
        "firstname": "jose ricardo",
        "lastname": "ortega galicia",
        "phone_number": null,
        "folio": "00152",
        "amount": "400.00",
        "month": ".Octubre-2023.Noviembre-2023.Diciembre-2023.Enero-2024",
        "comments": "CHINA 020123",
        "created_at": "2024-01-13 22:07:15",
        "updated_at": "2024-01-21 03:55:20"
    },
    {
        "id": "55",
        "uuid": "7b8482b1-3058-4e19-b48d-00e6ad7bef99",
        "property_id": "467",
        "firstname": "juan",
        "lastname": "bonilla tellez",
        "phone_number": "2781030883",
        "folio": "00204",
        "amount": "400.00",
        "month": ".Octubre-2023.Noviembre-2023.Diciembre-2023.Enero-2024",
        "comments": "EDER  040124",
        "created_at": "2024-01-13 22:08:38",
        "updated_at": "2024-01-21 04:47:20"
    },
    {
        "id": "56",
        "uuid": "56ea1fe9-9f9f-415e-ad0a-dcfb1c7be455",
        "property_id": "898",
        "firstname": "juan",
        "lastname": "de la cruz rosas",
        "phone_number": null,
        "folio": "00023/277",
        "amount": "200.00",
        "month": ".Diciembre-2023.Enero-2024",
        "comments": "china 181223/190124",
        "created_at": "2024-01-13 22:19:15",
        "updated_at": "2024-02-03 21:36:12"
    },
    {
        "id": "57",
        "uuid": "b62d2423-28e6-424b-8ed1-a36696febc3c",
        "property_id": "703",
        "firstname": "juan",
        "lastname": "ginez suarez",
        "phone_number": null,
        "folio": "00022",
        "amount": "100.00",
        "month": ".Diciembre-2023",
        "comments": "china",
        "created_at": "2024-01-13 22:22:40",
        "updated_at": "2024-01-20 05:20:12"
    },
    {
        "id": "58",
        "uuid": "beba2bf7-28fb-42ee-a563-b18f274f40e6",
        "property_id": "594",
        "firstname": "katia cintia",
        "lastname": "maldonado perez",
        "phone_number": "2717290218",
        "folio": "118",
        "amount": "200.00",
        "month": ".Diciembre-2023.Enero-2024",
        "comments": "eder  211223",
        "created_at": "2024-01-13 22:24:02",
        "updated_at": "2024-01-21 03:26:41"
    },
    {
        "id": "59",
        "uuid": "ab92b500-94ba-4b1d-876a-b8a88bf4fc7f",
        "property_id": "21",
        "firstname": "leonardo",
        "lastname": "chipahua mazahua",
        "phone_number": "2712172619",
        "folio": "296",
        "amount": "200.00",
        "month": ".Diciembre-2023.Enero-2024",
        "comments": "EDER 301223/210124",
        "created_at": "2024-01-13 22:25:41",
        "updated_at": "2024-02-03 22:25:56"
    },
    {
        "id": "60",
        "uuid": "e5221539-82ea-44ef-8f39-e7c3ce7492e8",
        "property_id": "459",
        "firstname": "lilia",
        "lastname": "hernandez garcia",
        "phone_number": null,
        "folio": "00160/0003",
        "amount": "200.00",
        "month": ".Diciembre-2023.Enero-2024",
        "comments": "china   090124        / 101223",
        "created_at": "2024-01-13 22:33:03",
        "updated_at": "2024-01-21 04:05:53"
    },
    {
        "id": "61",
        "uuid": "6e19b878-0473-425f-96ef-89d96b1d693b",
        "property_id": "123",
        "firstname": "lina",
        "lastname": "garcia martinez",
        "phone_number": null,
        "folio": "106 / 205",
        "amount": "200.00",
        "month": ".Diciembre-2023.Enero-2024",
        "comments": "eder  171223 / 070124",
        "created_at": "2024-01-13 22:34:04",
        "updated_at": "2024-01-21 04:48:30"
    },
    {
        "id": "62",
        "uuid": "b878acbd-5708-4339-84de-af0d17caeaed",
        "property_id": "443",
        "firstname": "lorena",
        "lastname": "viveros escovar",
        "phone_number": "2711527358",
        "folio": "00027/265",
        "amount": "200.00",
        "month": ".Diciembre-2023.Enero-2024",
        "comments": "china  181223/150124",
        "created_at": "2024-01-13 22:35:08",
        "updated_at": "2024-02-03 21:13:29"
    },
    {
        "id": "63",
        "uuid": "a9c42857-8f22-4c85-b0b1-29e67733a4d1",
        "property_id": "257",
        "firstname": "griselda",
        "lastname": "pacheco hernandez",
        "phone_number": "2711008428",
        "folio": "00015",
        "amount": "100.00",
        "month": ".Diciembre-2023",
        "comments": "la china",
        "created_at": "2024-01-13 22:37:16",
        "updated_at": "2024-01-20 05:14:11"
    },
    {
        "id": "64",
        "uuid": "1dfd1c16-38ba-487a-ba88-a3cb80661da6",
        "property_id": "96",
        "firstname": "luis alberto",
        "lastname": "rodriguez",
        "phone_number": null,
        "folio": "00021",
        "amount": "200.00",
        "month": ".Diciembre-2023.Enero-2024",
        "comments": "china",
        "created_at": "2024-01-13 22:38:08",
        "updated_at": "2024-01-20 05:19:55"
    },
    {
        "id": "65",
        "uuid": "dcbf1f1e-72b8-4761-b69e-eb33030dfd4a",
        "property_id": "1354",
        "firstname": "luis enrique",
        "lastname": "castro",
        "phone_number": "2717114715",
        "folio": "00029/00217",
        "amount": "300.00",
        "month": ".Diciembre-2023.Noviembre-2023.Enero-2024",
        "comments": "gris 201223 / eder120124",
        "created_at": "2024-01-13 22:39:13",
        "updated_at": "2024-02-03 19:57:18"
    },
    {
        "id": "66",
        "uuid": "b924d93e-cf20-4602-9373-7420eb2ac865",
        "property_id": "321",
        "firstname": "luis enrique",
        "lastname": "de la cruz reyes",
        "phone_number": null,
        "folio": "00019",
        "amount": "100.00",
        "month": ".Diciembre-2023",
        "comments": "china",
        "created_at": "2024-01-13 22:40:04",
        "updated_at": "2024-01-20 05:16:53"
    },
    {
        "id": "67",
        "uuid": "4b02316f-bd58-499c-9cea-f5a42382a503",
        "property_id": "18",
        "firstname": "luz monserrat",
        "lastname": "rodriguez",
        "phone_number": null,
        "folio": "00005",
        "amount": "100.00",
        "month": ".Diciembre-2023",
        "comments": "china",
        "created_at": "2024-01-13 22:41:40",
        "updated_at": "2024-01-20 05:00:32"
    },
    {
        "id": "68",
        "uuid": "0afd9f69-b1c4-49ef-9ccd-19e5274e5880",
        "property_id": "1415",
        "firstname": "manuel isidro",
        "lastname": "herrera rodriguez",
        "phone_number": null,
        "folio": "109",
        "amount": "780.00",
        "month": ".Enero-2024",
        "comments": "pago anual de enero  a diciembre 2024  pago 780  171223",
        "created_at": "2024-01-13 23:01:09",
        "updated_at": "2024-01-21 03:00:59"
    },
    {
        "id": "69",
        "uuid": "a06c1f17-249f-4bed-9566-0ed9eabbacc4",
        "property_id": "376",
        "firstname": "sandra luz",
        "lastname": "rodriguez olivares",
        "phone_number": null,
        "folio": "00010",
        "amount": "200.00",
        "month": ".Noviembre-2023.Diciembre-2023",
        "comments": "china",
        "created_at": "2024-01-20 05:07:36",
        "updated_at": "2024-01-20 05:07:36"
    },
    {
        "id": "70",
        "uuid": "9271f609-ba46-4253-b1ab-dbdfcb4573f4",
        "property_id": "311",
        "firstname": "adriana maria",
        "lastname": "popoca martinez",
        "phone_number": null,
        "folio": "00012/269",
        "amount": "200.00",
        "month": ".Diciembre-2023.Enero-2024",
        "comments": "china  151223/160124",
        "created_at": "2024-01-20 05:10:22",
        "updated_at": "2024-02-03 21:19:03"
    },
    {
        "id": "71",
        "uuid": "2d3ccfb1-b82b-4535-a96f-665ab04bc2f8",
        "property_id": "332",
        "firstname": "sandra",
        "lastname": "pimentel gallardo",
        "phone_number": null,
        "folio": "00016",
        "amount": "100.00",
        "month": ".Octubre-2023",
        "comments": "china",
        "created_at": "2024-01-20 05:15:01",
        "updated_at": "2024-01-20 05:15:01"
    },
    {
        "id": "72",
        "uuid": "34b7e79d-51d9-4f5f-ae68-076b7f77abee",
        "property_id": "275",
        "firstname": "maria antonia",
        "lastname": "fermin silva",
        "phone_number": null,
        "folio": "00017",
        "amount": "100.00",
        "month": ".Diciembre-2023",
        "comments": "china",
        "created_at": "2024-01-20 05:15:53",
        "updated_at": "2024-01-20 05:15:53"
    },
    {
        "id": "73",
        "uuid": "13692d12-54ea-472c-bda1-607aec8d2dbb",
        "property_id": "823",
        "firstname": "rocio",
        "lastname": "sandoval osorio",
        "phone_number": null,
        "folio": "00020",
        "amount": "100.00",
        "month": ".Diciembre-2023",
        "comments": "china",
        "created_at": "2024-01-20 05:17:59",
        "updated_at": "2024-01-20 05:17:59"
    },
    {
        "id": "74",
        "uuid": "8a393774-5d3f-4381-a2e2-3756871b1276",
        "property_id": "1064",
        "firstname": "maria asuncion",
        "lastname": "leon velarde",
        "phone_number": null,
        "folio": "00024",
        "amount": "100.00",
        "month": ".Diciembre-2023",
        "comments": "china",
        "created_at": "2024-01-20 05:21:49",
        "updated_at": "2024-01-20 05:21:49"
    },
    {
        "id": "75",
        "uuid": "a4e88e71-6358-4fa1-823f-55d9f0c1ce72",
        "property_id": "314",
        "firstname": "leonardo eduardo",
        "lastname": "beristain",
        "phone_number": null,
        "folio": "00028",
        "amount": "100.00",
        "month": ".Diciembre-2023",
        "comments": "china",
        "created_at": "2024-01-20 05:25:06",
        "updated_at": "2024-01-20 05:25:06"
    },
    {
        "id": "76",
        "uuid": "9957d006-793a-4320-ac34-50014037a744",
        "property_id": "413",
        "firstname": "SERGIO",
        "lastname": "ROSAS OLIVARES",
        "phone_number": null,
        "folio": "00031/271",
        "amount": "200.00",
        "month": ".Diciembre-2023.Enero-2024",
        "comments": "CHINA 201223/160124",
        "created_at": "2024-01-20 05:29:49",
        "updated_at": "2024-02-03 21:25:17"
    },
    {
        "id": "77",
        "uuid": "9e000a8a-3e10-4536-98f3-db964e2d5efb",
        "property_id": "542",
        "firstname": "rocio",
        "lastname": "guevara hernandez",
        "phone_number": null,
        "folio": "00033/186",
        "amount": "200.00",
        "month": ".Diciembre-2023.Enero-2024",
        "comments": "china     201223/100124",
        "created_at": "2024-01-20 05:31:29",
        "updated_at": "2024-02-03 19:27:10"
    },
    {
        "id": "78",
        "uuid": "0e3ccce2-232d-492b-884e-a9c0bae7ba8c",
        "property_id": "410",
        "firstname": "micaela",
        "lastname": "rojas rodriguez",
        "phone_number": null,
        "folio": "00036",
        "amount": "100.00",
        "month": ".Diciembre-2023",
        "comments": "china",
        "created_at": "2024-01-20 05:34:51",
        "updated_at": "2024-01-20 05:34:51"
    },
    {
        "id": "79",
        "uuid": "40605c13-485b-4d76-9292-7e9b82ce6713",
        "property_id": "180",
        "firstname": "mario agustin",
        "lastname": "garcia alvarez",
        "phone_number": null,
        "folio": "00039/264",
        "amount": "200.00",
        "month": ".Diciembre-2023.Enero-2024",
        "comments": "china 231223/150124",
        "created_at": "2024-01-20 05:38:59",
        "updated_at": "2024-02-03 21:11:55"
    },
    {
        "id": "80",
        "uuid": "ec2379a2-5bb2-4ed2-8e0e-fd183aba69e7",
        "property_id": "358",
        "firstname": "monica",
        "lastname": "baez burgos",
        "phone_number": null,
        "folio": "00040",
        "amount": "100.00",
        "month": ".Diciembre-2023",
        "comments": "china",
        "created_at": "2024-01-20 05:39:42",
        "updated_at": "2024-01-20 05:39:42"
    },
    {
        "id": "81",
        "uuid": "c8665f4a-59dc-42f7-93f5-871e94a9e5b5",
        "property_id": "1190",
        "firstname": "nicolas",
        "lastname": "martinez",
        "phone_number": null,
        "folio": "00060",
        "amount": "200.00",
        "month": ".Noviembre-2023.Diciembre-2023",
        "comments": "sra azucena",
        "created_at": "2024-01-20 05:42:26",
        "updated_at": "2024-01-20 05:42:26"
    },
    {
        "id": "82",
        "uuid": "948fcfba-5759-4c33-95cc-a33194aa6446",
        "property_id": "1492",
        "firstname": "azucena",
        "lastname": "tequihuactle flores",
        "phone_number": "2712311815",
        "folio": "00065",
        "amount": "100.00",
        "month": ".Diciembre-2023",
        "comments": "azucena",
        "created_at": "2024-01-20 05:55:44",
        "updated_at": "2024-01-20 05:55:44"
    },
    {
        "id": "83",
        "uuid": "e6cbb017-c621-44bc-a6da-5c4000b58c9a",
        "property_id": "1451",
        "firstname": "mirian",
        "lastname": "monterrosas LIMON",
        "phone_number": null,
        "folio": "00069 / 178",
        "amount": "300.00",
        "month": ".Noviembre-2023.Diciembre-2023.Enero-2024",
        "comments": "azucena 181223 / 190124",
        "created_at": "2024-01-20 05:59:40",
        "updated_at": "2024-01-21 04:31:23"
    },
    {
        "id": "84",
        "uuid": "8fd1d2d0-ab55-4a99-9adb-da7a40288b80",
        "property_id": "1454",
        "firstname": "marco antonio",
        "lastname": "delgado",
        "phone_number": null,
        "folio": "00071",
        "amount": "100.00",
        "month": ".Diciembre-2023",
        "comments": "azucena",
        "created_at": "2024-01-20 06:02:19",
        "updated_at": "2024-01-20 06:02:19"
    },
    {
        "id": "85",
        "uuid": "2544c086-e733-4e8c-9a06-c357dfbe441b",
        "property_id": "1444",
        "firstname": "angelica",
        "lastname": "montiel r.",
        "phone_number": null,
        "folio": "00072/00075",
        "amount": "200.00",
        "month": ".Noviembre-2023.Diciembre-2023",
        "comments": "azucena",
        "created_at": "2024-01-20 06:03:26",
        "updated_at": "2024-01-20 06:04:12"
    },
    {
        "id": "86",
        "uuid": "d9f09d74-e515-441d-997e-07b14f5d4893",
        "property_id": "1445",
        "firstname": "vicente",
        "lastname": "franco",
        "phone_number": null,
        "folio": "00076/00079 / 161",
        "amount": "300.00",
        "month": ".Octubre-2023.Noviembre-2023.Diciembre-2023",
        "comments": "azucena   221223 / 261223 / 281223",
        "created_at": "2024-01-20 06:05:48",
        "updated_at": "2024-01-21 04:09:22"
    },
    {
        "id": "87",
        "uuid": "384ae61c-89de-4c7b-a69c-7a7c16442e9c",
        "property_id": "1466",
        "firstname": "mirta",
        "lastname": "ramirez",
        "phone_number": null,
        "folio": "00080 / 172",
        "amount": "300.00",
        "month": ".Noviembre-2023.Diciembre-2023.Enero-2024",
        "comments": "azucena  271223 / 081224",
        "created_at": "2024-01-20 06:08:42",
        "updated_at": "2024-01-21 04:22:28"
    },
    {
        "id": "88",
        "uuid": "ec397a39-c4ca-40b0-93e4-7198ccc610ba",
        "property_id": "126",
        "firstname": "maria graciela",
        "lastname": "santana rosales",
        "phone_number": null,
        "folio": "81 / 215",
        "amount": "200.00",
        "month": ".Diciembre-2023.Enero-2024",
        "comments": "pizzeria  121223 / 110124",
        "created_at": "2024-01-21 01:14:12",
        "updated_at": "2024-02-03 19:56:17"
    },
    {
        "id": "89",
        "uuid": "bb3b2fd5-484e-4490-90b4-373ada362fff",
        "property_id": "7",
        "firstname": "dulce del carmen",
        "lastname": "lechuga suarez",
        "phone_number": null,
        "folio": "82",
        "amount": "100.00",
        "month": ".Diciembre-2023",
        "comments": "pizzeria  121223",
        "created_at": "2024-01-21 01:15:18",
        "updated_at": "2024-01-21 01:15:18"
    },
    {
        "id": "90",
        "uuid": "355426e2-c997-4881-9801-1773b7b7b23b",
        "property_id": "522",
        "firstname": "rossana",
        "lastname": "santinelli krauss",
        "phone_number": null,
        "folio": "83 / 91",
        "amount": "200.00",
        "month": ".Diciembre-2023.Enero-2024",
        "comments": "pizzeria 121223 / 060124",
        "created_at": "2024-01-21 01:16:35",
        "updated_at": "2024-01-21 01:27:21"
    },
    {
        "id": "91",
        "uuid": "49021f10-11bf-4e42-b925-93eefb66fce1",
        "property_id": "157",
        "firstname": "julia catalina",
        "lastname": "oltehua garcia",
        "phone_number": null,
        "folio": "84 95",
        "amount": "200.00",
        "month": ".Diciembre-2023.Enero-2024",
        "comments": "pizzeria 151223 / 150124",
        "created_at": "2024-01-21 01:17:58",
        "updated_at": "2024-01-21 01:34:07"
    },
    {
        "id": "92",
        "uuid": "3a01129d-8ede-4fb0-a04e-4f981ee101c8",
        "property_id": "131",
        "firstname": "francisco",
        "lastname": "sanchez luna",
        "phone_number": null,
        "folio": "85 / 92",
        "amount": "200.00",
        "month": ".Diciembre-2023.Enero-2024",
        "comments": "pizzeria 151223 / 110124",
        "created_at": "2024-01-21 01:19:06",
        "updated_at": "2024-01-21 01:28:15"
    },
    {
        "id": "93",
        "uuid": "e03f546b-9d42-48ee-881a-bc95c070f164",
        "property_id": "165",
        "firstname": "martin juan",
        "lastname": "oltehua garcia",
        "phone_number": null,
        "folio": "86",
        "amount": "100.00",
        "month": ".Noviembre-2023",
        "comments": "pizzeria  221223",
        "created_at": "2024-01-21 01:20:14",
        "updated_at": "2024-01-21 01:20:14"
    },
    {
        "id": "94",
        "uuid": "ca7e7e3a-1b1e-4351-b7c3-3a9490037ce7",
        "property_id": "924",
        "firstname": "marco julio",
        "lastname": "flores flores",
        "phone_number": null,
        "folio": "87",
        "amount": "200.00",
        "month": ".Noviembre-2023.Diciembre-2023",
        "comments": "pizzeria  231223",
        "created_at": "2024-01-21 01:21:44",
        "updated_at": "2024-01-21 01:21:44"
    },
    {
        "id": "95",
        "uuid": "15a841d4-2f04-4c27-9f99-09cbd4ec9ccf",
        "property_id": "490",
        "firstname": "ana guadalupe",
        "lastname": "rodriguez castro",
        "phone_number": null,
        "folio": "88",
        "amount": "200.00",
        "month": ".Noviembre-2023.Diciembre-2023",
        "comments": "pizzeria  241223",
        "created_at": "2024-01-21 01:23:01",
        "updated_at": "2024-01-21 01:23:01"
    },
    {
        "id": "96",
        "uuid": "bb6042ad-4ad8-4d92-b102-824fbeb761fa",
        "property_id": "510",
        "firstname": "julio cesar",
        "lastname": "ortiz ascencio",
        "phone_number": null,
        "folio": "89",
        "amount": "100.00",
        "month": ".Enero-2024",
        "comments": "pizzeria  281223",
        "created_at": "2024-01-21 01:24:36",
        "updated_at": "2024-01-21 01:24:36"
    },
    {
        "id": "97",
        "uuid": "f5e30bdc-360b-45c6-beaa-960d4f1def5d",
        "property_id": "847",
        "firstname": "miguel angel",
        "lastname": "reyes",
        "phone_number": null,
        "folio": "90",
        "amount": "100.00",
        "month": ".Diciembre-2023",
        "comments": "pizzeria  311223",
        "created_at": "2024-01-21 01:26:23",
        "updated_at": "2024-01-21 01:26:23"
    },
    {
        "id": "98",
        "uuid": "8834e6e8-dc7a-47fa-be34-b69cdaaa371c",
        "property_id": "238",
        "firstname": "maria del carmen",
        "lastname": "velazco",
        "phone_number": null,
        "folio": "93",
        "amount": "200.00",
        "month": ".Diciembre-2023.Enero-2024",
        "comments": "pizzeria 130124",
        "created_at": "2024-01-21 01:30:04",
        "updated_at": "2024-01-21 01:30:04"
    },
    {
        "id": "99",
        "uuid": "9bd6b331-8aa3-437d-ad6c-3b71f361f7e9",
        "property_id": "1078",
        "firstname": "lilia esther",
        "lastname": "ARRIETA dominguez",
        "phone_number": "2717107848",
        "folio": "94",
        "amount": "300.00",
        "month": ".Noviembre-2023.Diciembre-2023.Enero-2024",
        "comments": "pizzeria 150124",
        "created_at": "2024-01-21 01:32:51",
        "updated_at": "2024-01-21 01:32:51"
    },
    {
        "id": "100",
        "uuid": "9b255f88-965a-4d00-9fc6-e14aec1ba90a",
        "property_id": "1143",
        "firstname": "samuel",
        "lastname": "hernandez",
        "phone_number": null,
        "folio": "96",
        "amount": "115.00",
        "month": ".Diciembre-2023.Enero-2024",
        "comments": "pizzeria  170124 casa desahabitada",
        "created_at": "2024-01-21 01:35:50",
        "updated_at": "2024-01-21 01:35:50"
    },
    {
        "id": "101",
        "uuid": "69ab9374-5c10-4813-b343-5261d282cca1",
        "property_id": "516",
        "firstname": "ruth",
        "lastname": "hernandez",
        "phone_number": null,
        "folio": "97",
        "amount": "200.00",
        "month": ".Agosto-2023.Septiembre-2023",
        "comments": "pizzeria 170124",
        "created_at": "2024-01-21 01:37:07",
        "updated_at": "2024-01-21 01:37:07"
    },
    {
        "id": "102",
        "uuid": "7c54e94d-fe53-4547-98dd-9e48912e1083",
        "property_id": "74",
        "firstname": null,
        "lastname": null,
        "phone_number": "2711162882",
        "folio": "98",
        "amount": "100.00",
        "month": ".Enero-2024",
        "comments": "pizzeria  180124",
        "created_at": "2024-01-21 01:38:38",
        "updated_at": "2024-01-21 03:42:55"
    },
    {
        "id": "103",
        "uuid": "5508917d-a3f2-49da-85ae-048a0d8059ca",
        "property_id": "83",
        "firstname": "yazmin",
        "lastname": "rivera lopez",
        "phone_number": "6643149840",
        "folio": "99",
        "amount": "100.00",
        "month": ".Enero-2024",
        "comments": "pizzeria  180124 paga sr. abel de jesus perez",
        "created_at": "2024-01-21 01:40:30",
        "updated_at": "2024-01-21 01:40:30"
    },
    {
        "id": "104",
        "uuid": "b4c44ffc-040b-4185-ad0d-9213ecd67044",
        "property_id": "1108",
        "firstname": "monica monserrat",
        "lastname": "garcia pulido",
        "phone_number": null,
        "folio": "100",
        "amount": "100.00",
        "month": ".Diciembre-2023",
        "comments": "profr eder 091223",
        "created_at": "2024-01-21 01:42:11",
        "updated_at": "2024-01-21 01:42:11"
    },
    {
        "id": "105",
        "uuid": "4f783c8c-b83c-41cb-9d14-51de1fcb917f",
        "property_id": "492",
        "firstname": "marcela",
        "lastname": "sanchez heredia",
        "phone_number": null,
        "folio": "111",
        "amount": "200.00",
        "month": ".Octubre-2023.Noviembre-2023",
        "comments": "eder  171223",
        "created_at": "2024-01-21 03:10:59",
        "updated_at": "2024-01-21 03:10:59"
    },
    {
        "id": "106",
        "uuid": "1f46b02a-6bfb-43a2-9895-b532b94c45d6",
        "property_id": "454",
        "firstname": "raul",
        "lastname": "avila hernandez",
        "phone_number": null,
        "folio": "115",
        "amount": "200.00",
        "month": ".Noviembre-2023.Diciembre-2023",
        "comments": "eder  171223",
        "created_at": "2024-01-21 03:24:15",
        "updated_at": "2024-01-21 03:24:15"
    },
    {
        "id": "107",
        "uuid": "f2e3fd3a-35da-441f-9144-a0be5d274935",
        "property_id": "481",
        "firstname": "maria lucina",
        "lastname": "moran ortega",
        "phone_number": null,
        "folio": "120",
        "amount": "300.00",
        "month": ".Octubre-2023.Noviembre-2023.Diciembre-2023",
        "comments": "eder  281223",
        "created_at": "2024-01-21 03:29:06",
        "updated_at": "2024-01-21 03:29:06"
    },
    {
        "id": "109",
        "uuid": "fd00cdc5-8944-4bc8-91f7-be8e6b209569",
        "property_id": "116",
        "firstname": "RAYMUNDO",
        "lastname": "SERVIN",
        "phone_number": null,
        "folio": "147",
        "amount": "200.00",
        "month": ".Noviembre-2023.Diciembre-2023",
        "comments": "CHINA 301223",
        "created_at": "2024-01-21 03:46:53",
        "updated_at": "2024-01-21 03:46:53"
    },
    {
        "id": "110",
        "uuid": "4b8cf27e-f62b-4cbd-ae46-bb185d91ce0a",
        "property_id": "247",
        "firstname": "MARGARITA",
        "lastname": "GUTIERREZ AVILA",
        "phone_number": null,
        "folio": "148",
        "amount": "300.00",
        "month": ".Julio-2023.Agosto-2023.Septiembre-2023",
        "comments": "CHINA 301223 PAGO DESDE EL MES DE MAYO, JUNIO HASTA DICIEMBRE TOTAl de 500",
        "created_at": "2024-01-21 03:51:55",
        "updated_at": "2024-01-21 03:52:12"
    },
    {
        "id": "111",
        "uuid": "049ec012-a70e-47f1-9783-0cdcb56fb532",
        "property_id": "485",
        "firstname": null,
        "lastname": null,
        "phone_number": null,
        "folio": "153",
        "amount": "200.00",
        "month": ".Enero-2024.Diciembre-2023",
        "comments": "CHINA 040123",
        "created_at": "2024-01-21 03:57:08",
        "updated_at": "2024-01-21 03:57:08"
    },
    {
        "id": "112",
        "uuid": "16e1bc8c-b20f-42fb-be73-6ab5e4f63ad7",
        "property_id": "156",
        "firstname": "MARIA ELENA",
        "lastname": "QUILACIO",
        "phone_number": null,
        "folio": "157",
        "amount": "200.00",
        "month": ".Diciembre-2023.Enero-2024",
        "comments": "CHINA 080124",
        "created_at": "2024-01-21 04:03:28",
        "updated_at": "2024-01-21 04:03:28"
    },
    {
        "id": "113",
        "uuid": "ccb268bb-5f87-466a-9f74-b37612bdb772",
        "property_id": "1481",
        "firstname": "ALEJANDRA",
        "lastname": "ORTIZ",
        "phone_number": null,
        "folio": "163",
        "amount": "200.00",
        "month": ".Noviembre-2023.Diciembre-2023",
        "comments": "azucena 281223",
        "created_at": "2024-01-21 04:11:52",
        "updated_at": "2024-01-21 04:12:22"
    },
    {
        "id": "114",
        "uuid": "aab41b22-3ae6-4ecc-99f3-4e01f87ea89c",
        "property_id": "1333",
        "firstname": "MIRIAM",
        "lastname": "HERNANDEZ CARRERA",
        "phone_number": null,
        "folio": "164 / 174",
        "amount": "300.00",
        "month": ".Noviembre-2023.Diciembre-2023.Enero-2024",
        "comments": "AZUCENA  281223 / 200124",
        "created_at": "2024-01-21 04:14:02",
        "updated_at": "2024-01-21 04:23:56"
    },
    {
        "id": "115",
        "uuid": "df898ac3-f6e3-4e5f-ae10-d66a3e268b90",
        "property_id": "1350",
        "firstname": "MARIA LUISA",
        "lastname": "GONZALEZ ZAMUDIO",
        "phone_number": null,
        "folio": "165 / 179",
        "amount": "400.00",
        "month": ".Noviembre-2023.Diciembre-2023.Enero-2024.Febrero-2024",
        "comments": "AZUCENA   281223 / 200124",
        "created_at": "2024-01-21 04:14:55",
        "updated_at": "2024-01-21 04:38:41"
    },
    {
        "id": "116",
        "uuid": "566fd5f5-6b5a-4905-86be-170235a2aad5",
        "property_id": "1334",
        "firstname": "MARIA DEL SOCORRO",
        "lastname": "MARTINEZ SORIANO",
        "phone_number": null,
        "folio": "166 / 180",
        "amount": "200.00",
        "month": ".Diciembre-2023.Enero-2024",
        "comments": "AZUCENA   281223 / 200124",
        "created_at": "2024-01-21 04:15:57",
        "updated_at": "2024-01-21 04:39:12"
    },
    {
        "id": "117",
        "uuid": "891642f6-ce97-4533-8a56-cfe19e7e321c",
        "property_id": "1479",
        "firstname": "ANTONIO",
        "lastname": "JIMENEZ BLANCO",
        "phone_number": null,
        "folio": "167",
        "amount": "100.00",
        "month": ".Diciembre-2023",
        "comments": "AZUCENA   291223",
        "created_at": "2024-01-21 04:17:12",
        "updated_at": "2024-01-21 04:17:12"
    },
    {
        "id": "118",
        "uuid": "05cafe9d-7740-4c15-bc56-38649af6397c",
        "property_id": "1072",
        "firstname": "FERNANDO",
        "lastname": "CANSECO LOPEZ",
        "phone_number": null,
        "folio": "176",
        "amount": "200.00",
        "month": ".Enero-2024.Febrero-2024",
        "comments": "AZUCENA  140124",
        "created_at": "2024-01-21 04:25:59",
        "updated_at": "2024-01-21 04:25:59"
    },
    {
        "id": "119",
        "uuid": "2b4ef199-dfcb-4e3f-bbac-ee73b835e320",
        "property_id": "1450",
        "firstname": "SILVIA",
        "lastname": "LAZARO",
        "phone_number": null,
        "folio": "177",
        "amount": "200.00",
        "month": ".Diciembre-2023.Enero-2024",
        "comments": "AZUCENA  150124",
        "created_at": "2024-01-21 04:27:48",
        "updated_at": "2024-01-21 04:27:48"
    },
    {
        "id": "120",
        "uuid": "a7f96200-12d0-463f-8d62-caea131ac363",
        "property_id": "20",
        "firstname": "LEONARDO",
        "lastname": "CHIPAHUA MAZAHUA",
        "phone_number": "2712172619",
        "folio": "201",
        "amount": "100.00",
        "month": ".Diciembre-2023",
        "comments": "EDER  301223",
        "created_at": "2024-01-21 04:43:28",
        "updated_at": "2024-01-21 04:43:28"
    },
    {
        "id": "121",
        "uuid": "8e10dd0f-7813-4b8d-b235-1d30948133a8",
        "property_id": "1477",
        "firstname": "PAOLA KARIME",
        "lastname": "FLORES CARREON",
        "phone_number": "2711049106",
        "folio": "203",
        "amount": "200.00",
        "month": ".Diciembre-2023",
        "comments": "EDER  040124 RECONEXION 100 Y 100 DIC   040124",
        "created_at": "2024-01-21 04:46:29",
        "updated_at": "2024-01-21 04:46:29"
    },
    {
        "id": "122",
        "uuid": "8be621bc-14eb-44c5-9b57-ac9f84ebe9c1",
        "property_id": "1319",
        "firstname": "EUCARIO",
        "lastname": "MANCILLA ALVAREZ",
        "phone_number": null,
        "folio": "209",
        "amount": "200.00",
        "month": ".Noviembre-2023.Diciembre-2023",
        "comments": "EDER 070123",
        "created_at": "2024-01-21 04:54:52",
        "updated_at": "2024-01-21 04:54:52"
    },
    {
        "id": "123",
        "uuid": "6da7c6c8-535a-406c-bedc-3a7c9f85c747",
        "property_id": "1311",
        "firstname": "VALENTINO DELFINO",
        "lastname": "MENDOZA SANCHEZ",
        "phone_number": "2712646448",
        "folio": "213",
        "amount": "200.00",
        "month": ".Diciembre-2023.Enero-2024",
        "comments": "EDER110124",
        "created_at": "2024-01-21 05:00:29",
        "updated_at": "2024-01-21 05:00:29"
    },
    {
        "id": "124",
        "uuid": "84b5275f-db0d-45c1-a4d5-7270db4e5612",
        "property_id": "1401",
        "firstname": "EDUARDO",
        "lastname": "HERRERA MARTINEZ",
        "phone_number": "2712655799",
        "folio": "219",
        "amount": "300.00",
        "month": ".Diciembre-2023",
        "comments": "RECONEXION   EDER  300 PESOS  130124",
        "created_at": "2024-01-21 05:09:08",
        "updated_at": "2024-01-21 05:09:08"
    },
    {
        "id": "125",
        "uuid": "1540d1fc-056a-41b2-a9dd-b4538fe14324",
        "property_id": "433",
        "firstname": "PALOMA CAROLINA",
        "lastname": "NAVA SANTIBAÑEZ",
        "phone_number": null,
        "folio": "181",
        "amount": "500.00",
        "month": ".Agosto-2023.Septiembre-2023.Octubre-2023.Noviembre-2023.Diciembre-2023",
        "comments": "EDER   281223",
        "created_at": "2024-02-03 19:14:39",
        "updated_at": "2024-02-03 19:14:39"
    },
    {
        "id": "126",
        "uuid": "b6e846ca-4ead-4a70-96f1-74b959d792ed",
        "property_id": "754",
        "firstname": "TOMAS",
        "lastname": "BARRON",
        "phone_number": "2712118108",
        "folio": "182",
        "amount": "100.00",
        "month": ".Diciembre-2023",
        "comments": "EDER 281223 VERIFICAR NUM CASA DICE QUE ES 4101",
        "created_at": "2024-02-03 19:18:52",
        "updated_at": "2024-02-03 19:18:52"
    },
    {
        "id": "127",
        "uuid": "ac156342-c84d-42a7-b4d5-f9715ec66d56",
        "property_id": "637",
        "firstname": "SAMUEL IVAN",
        "lastname": "CORTES BELLO",
        "phone_number": null,
        "folio": "183",
        "amount": "130.00",
        "month": ".Diciembre-2023.Enero-2024",
        "comments": "EDER  281223  CASA DESOCUPADA",
        "created_at": "2024-02-03 19:22:08",
        "updated_at": "2024-02-03 19:22:08"
    },
    {
        "id": "128",
        "uuid": "8f55aca2-7a92-45ef-a49c-5a6bad36cd37",
        "property_id": "1134",
        "firstname": "YANETH",
        "lastname": "HERNANDEZ OLIVARES",
        "phone_number": null,
        "folio": "184",
        "amount": "600.00",
        "month": ".Julio-2023.Agosto-2023.Septiembre-2023.Octubre-2023.Noviembre-2023.Diciembre-2023",
        "comments": "CHINA  100124",
        "created_at": "2024-02-03 19:24:05",
        "updated_at": "2024-02-03 19:24:05"
    },
    {
        "id": "129",
        "uuid": "d9875e57-bf02-4c31-b1d8-8686fce7ee45",
        "property_id": "1379",
        "firstname": "EDGAR",
        "lastname": "SOTO GARCIA",
        "phone_number": null,
        "folio": "185",
        "amount": "300.00",
        "month": ".Octubre-2023.Noviembre-2023.Diciembre-2023",
        "comments": "CHINA 100124",
        "created_at": "2024-02-03 19:25:22",
        "updated_at": "2024-02-03 19:25:22"
    },
    {
        "id": "130",
        "uuid": "3b1a6ba3-5aab-4f25-b983-2dd29bf0fe21",
        "property_id": "392",
        "firstname": "ESTEFANI",
        "lastname": "GASPERIN",
        "phone_number": null,
        "folio": "187",
        "amount": "300.00",
        "month": ".Enero-2024.Febrero-2024.Marzo-2024",
        "comments": "CHINA 110124",
        "created_at": "2024-02-03 19:28:41",
        "updated_at": "2024-02-03 19:28:41"
    },
    {
        "id": "131",
        "uuid": "59bb6837-af05-4df7-9fad-915b04151dd7",
        "property_id": "908",
        "firstname": "RODOLFO",
        "lastname": "CHIMALHUA TEPEPA",
        "phone_number": null,
        "folio": "188",
        "amount": "200.00",
        "month": ".Diciembre-2023.Enero-2024",
        "comments": "CHINA  100124",
        "created_at": "2024-02-03 19:30:03",
        "updated_at": "2024-02-03 19:30:03"
    },
    {
        "id": "132",
        "uuid": "647c627d-0ca0-429e-bcad-9596e0b3db67",
        "property_id": "989",
        "firstname": "SOCORRO",
        "lastname": "ARANDA CRUZ",
        "phone_number": null,
        "folio": "189",
        "amount": "200.00",
        "month": ".Diciembre-2023.Enero-2024",
        "comments": "CHINA  100124",
        "created_at": "2024-02-03 19:31:02",
        "updated_at": "2024-02-03 19:31:02"
    },
    {
        "id": "133",
        "uuid": "fa1d9648-0c39-4f68-93a8-d12b7e61598b",
        "property_id": "201",
        "firstname": "DOMINGO",
        "lastname": "VARELA",
        "phone_number": null,
        "folio": "190",
        "amount": "400.00",
        "month": ".Octubre-2023.Noviembre-2023.Diciembre-2023.Enero-2024",
        "comments": "CHINA  100124",
        "created_at": "2024-02-03 19:32:05",
        "updated_at": "2024-02-03 19:32:05"
    },
    {
        "id": "134",
        "uuid": "1c155e3c-d90d-4a8c-a81d-7e6549dab3a6",
        "property_id": "504",
        "firstname": "LOURDES",
        "lastname": "TORRES",
        "phone_number": null,
        "folio": "191",
        "amount": "300.00",
        "month": ".Octubre-2023.Noviembre-2023.Diciembre-2023",
        "comments": "CHINA  120124",
        "created_at": "2024-02-03 19:33:16",
        "updated_at": "2024-02-03 19:33:16"
    },
    {
        "id": "135",
        "uuid": "3cbd32bc-91d5-40be-ab5b-2cb55ebccaba",
        "property_id": "756",
        "firstname": "ANA LAURA",
        "lastname": "GOMEZ ANDRADE",
        "phone_number": null,
        "folio": "192",
        "amount": "300.00",
        "month": ".Octubre-2023.Noviembre-2023.Diciembre-2023",
        "comments": "CHINA  120124  VERIFICAR NUMERO DE CASA DICE ELLA 4105",
        "created_at": "2024-02-03 19:35:22",
        "updated_at": "2024-02-03 19:35:22"
    },
    {
        "id": "136",
        "uuid": "eff7a425-ca4c-4488-8ae5-5cc49945d63a",
        "property_id": "75",
        "firstname": "ROLANDO",
        "lastname": "CABELLO FLORES",
        "phone_number": null,
        "folio": "193",
        "amount": "100.00",
        "month": ".Enero-2024",
        "comments": "CHINA  130124",
        "created_at": "2024-02-03 19:36:22",
        "updated_at": "2024-02-03 19:36:22"
    },
    {
        "id": "137",
        "uuid": "b6077f42-ece2-46be-88d5-40f0346fd626",
        "property_id": "320",
        "firstname": "ANGELICA VERONI",
        "lastname": "FUENTES VARGAS",
        "phone_number": null,
        "folio": "194",
        "amount": "200.00",
        "month": ".Diciembre-2023.Enero-2024",
        "comments": "CHINA  140124",
        "created_at": "2024-02-03 19:37:33",
        "updated_at": "2024-02-03 19:37:33"
    },
    {
        "id": "138",
        "uuid": "19928ac7-c898-44f0-a0eb-e8278cb6cb6c",
        "property_id": "310",
        "firstname": "LEONEL",
        "lastname": "DIAZ MOSIÑO",
        "phone_number": null,
        "folio": "195",
        "amount": "100.00",
        "month": ".Enero-2024",
        "comments": "CHINA  140124",
        "created_at": "2024-02-03 19:38:54",
        "updated_at": "2024-02-03 19:38:55"
    },
    {
        "id": "139",
        "uuid": "4b6e759b-c66c-4a4c-8754-f56f28d5adfc",
        "property_id": "290",
        "firstname": "JULIETA",
        "lastname": "SOSA PONCE",
        "phone_number": null,
        "folio": "196",
        "amount": "200.00",
        "month": ".Diciembre-2023.Enero-2024",
        "comments": "CHINA 150124",
        "created_at": "2024-02-03 19:39:56",
        "updated_at": "2024-02-03 19:39:56"
    },
    {
        "id": "140",
        "uuid": "a1b779c7-a0e9-49d9-84c6-08fa69206622",
        "property_id": "152",
        "firstname": "JESSICA",
        "lastname": "PULIDO",
        "phone_number": null,
        "folio": "197",
        "amount": "150.00",
        "month": ".Noviembre-2023.Diciembre-2023.Enero-2024",
        "comments": "CHINA  150124   CASA DESOCUPADA",
        "created_at": "2024-02-03 19:41:04",
        "updated_at": "2024-02-03 19:41:43"
    },
    {
        "id": "141",
        "uuid": "4dd2d1f3-ae0f-478a-9ce1-873594856ff8",
        "property_id": "168",
        "firstname": "EDUARDO",
        "lastname": "SERAFIN",
        "phone_number": null,
        "folio": "199",
        "amount": "300.00",
        "month": ".Noviembre-2023.Diciembre-2023.Enero-2024",
        "comments": "CHINA  150124",
        "created_at": "2024-02-03 19:43:03",
        "updated_at": "2024-02-03 19:43:03"
    },
    {
        "id": "143",
        "uuid": "53b8877b-fc67-4e25-937b-525dd6c555c4",
        "property_id": "1149",
        "firstname": "JOSE LUIS",
        "lastname": "SORCIA MARQUEZ",
        "phone_number": null,
        "folio": "221",
        "amount": "300.00",
        "month": ".Noviembre-2023.Diciembre-2023.Enero-2024",
        "comments": "PATY  140124",
        "created_at": "2024-02-03 20:02:27",
        "updated_at": "2024-02-03 20:02:27"
    },
    {
        "id": "144",
        "uuid": "d939e48c-2759-4747-8b57-b4f7120cca0d",
        "property_id": "1426",
        "firstname": "ALEXIS",
        "lastname": "ZUÑIGA RODRIGUEZ",
        "phone_number": null,
        "folio": "222",
        "amount": "200.00",
        "month": ".Noviembre-2023.Diciembre-2023",
        "comments": "PATY 110124",
        "created_at": "2024-02-03 20:04:49",
        "updated_at": "2024-02-03 20:04:49"
    },
    {
        "id": "145",
        "uuid": "c0570d04-f5cb-43dc-9e13-bdc08b12f2cc",
        "property_id": "1191",
        "firstname": "CECILIA",
        "lastname": "BERISTAIN DOMINGUEZ",
        "phone_number": "2712157256",
        "folio": "223",
        "amount": "130.00",
        "month": ".Enero-2024.Febrero-2024",
        "comments": "PATY  120124  CASA DESOCUPADA  130 PESOS",
        "created_at": "2024-02-03 20:07:04",
        "updated_at": "2024-02-03 20:07:04"
    },
    {
        "id": "146",
        "uuid": "ae592d00-671c-4d03-91cc-b97798339447",
        "property_id": "1119",
        "firstname": "ERIKA",
        "lastname": "GONZALEZ CASTILLO",
        "phone_number": "2781351518",
        "folio": "224",
        "amount": "100.00",
        "month": ".Enero-2024",
        "comments": "PATY  130124",
        "created_at": "2024-02-03 20:08:17",
        "updated_at": "2024-02-03 20:08:17"
    },
    {
        "id": "147",
        "uuid": "563b36d4-0804-4b47-aa20-68483a3cc803",
        "property_id": "1264",
        "firstname": "ALEJANDRO",
        "lastname": "JIMENEZ ALARCA",
        "phone_number": null,
        "folio": "225",
        "amount": "300.00",
        "month": ".Noviembre-2023.Diciembre-2023.Enero-2024",
        "comments": "PATY  140124",
        "created_at": "2024-02-03 20:10:36",
        "updated_at": "2024-02-03 20:10:36"
    },
    {
        "id": "148",
        "uuid": "4323033b-eb14-4082-9cfa-aa76dc7d2360",
        "property_id": "1270",
        "firstname": "ROGELIO",
        "lastname": "GERRA CONTRERAS",
        "phone_number": null,
        "folio": "226",
        "amount": "200.00",
        "month": ".Enero-2024.Febrero-2024",
        "comments": "PATY  160124",
        "created_at": "2024-02-03 20:11:40",
        "updated_at": "2024-02-03 20:11:40"
    },
    {
        "id": "149",
        "uuid": "f3ceb721-4eb2-41b2-993b-0c751e094f51",
        "property_id": "1275",
        "firstname": "CRISTIAN",
        "lastname": "MORALES ESTRADA",
        "phone_number": "2717044234",
        "folio": "227",
        "amount": "200.00",
        "month": ".Enero-2024.Febrero-2024",
        "comments": "PATY  170124",
        "created_at": "2024-02-03 20:12:45",
        "updated_at": "2024-02-03 20:12:45"
    },
    {
        "id": "150",
        "uuid": "377e9d45-99f5-496d-bb2e-58effd0b9e3a",
        "property_id": "1246",
        "firstname": "JOSE LUIS",
        "lastname": "LOPEZ MEZA",
        "phone_number": null,
        "folio": "228",
        "amount": "300.00",
        "month": ".Noviembre-2023.Diciembre-2023.Enero-2024",
        "comments": "PATY  180124",
        "created_at": "2024-02-03 20:13:44",
        "updated_at": "2024-02-03 20:13:44"
    },
    {
        "id": "151",
        "uuid": "40ee0a7e-86a4-4e86-ae67-334396c1803a",
        "property_id": "546",
        "firstname": "SARAI",
        "lastname": "GALVEZ MARTINEZ",
        "phone_number": null,
        "folio": "229",
        "amount": "200.00",
        "month": ".Enero-2024.Febrero-2024",
        "comments": "PATY  200124",
        "created_at": "2024-02-03 20:14:42",
        "updated_at": "2024-02-03 20:14:42"
    },
    {
        "id": "152",
        "uuid": "5fa2533c-f40c-4944-9858-2601d83a6f03",
        "property_id": "1250",
        "firstname": "RUBINOY",
        "lastname": "LOPEZ GOMEZ",
        "phone_number": "2381474303",
        "folio": "41/230",
        "amount": "200.00",
        "month": ".Diciembre-2023.Enero-2024",
        "comments": "PATY  111223/200124",
        "created_at": "2024-02-03 20:17:00",
        "updated_at": "2024-02-03 20:17:00"
    },
    {
        "id": "153",
        "uuid": "111cd7fb-19fd-4316-ae13-9ae4859305a5",
        "property_id": "1251",
        "firstname": "LUIS ALFREDO",
        "lastname": "GONZALEZ GARCIA",
        "phone_number": "2712402730",
        "folio": "42/231",
        "amount": "200.00",
        "month": ".Diciembre-2023.Enero-2024",
        "comments": "PATY  111223/200124",
        "created_at": "2024-02-03 20:19:03",
        "updated_at": "2024-02-03 20:19:03"
    },
    {
        "id": "154",
        "uuid": "aa9bd849-844b-4aa3-9688-566ccee2bbfd",
        "property_id": "1357",
        "firstname": "BEATRIZ",
        "lastname": "PEREZ PEÑO",
        "phone_number": null,
        "folio": "43/59",
        "amount": "200.00",
        "month": ".Diciembre-2023.Enero-2024",
        "comments": "PATY  141223/110124",
        "created_at": "2024-02-03 20:21:38",
        "updated_at": "2024-02-03 20:21:38"
    },
    {
        "id": "155",
        "uuid": "1f914650-e130-4a77-b45d-255f98c40bb5",
        "property_id": "1125",
        "firstname": "ROSI ESTELA",
        "lastname": "RAMOS BAUTISTA",
        "phone_number": "2711269929",
        "folio": "44",
        "amount": "300.00",
        "month": ".Octubre-2023.Noviembre-2023.Diciembre-2023",
        "comments": "PATY  151223  VERIFICAR EL NUMERO DE LA CASA DICEN 3500",
        "created_at": "2024-02-03 20:24:01",
        "updated_at": "2024-02-03 20:24:01"
    },
    {
        "id": "156",
        "uuid": "e309c01c-6fd5-49c9-b356-4e8452eeb0e1",
        "property_id": "1279",
        "firstname": "ROSALBA",
        "lastname": "OLERA PEREZ",
        "phone_number": "2712545687",
        "folio": "45/234",
        "amount": "200.00",
        "month": ".Diciembre-2023.Enero-2024",
        "comments": "PATY  201223/240124",
        "created_at": "2024-02-03 20:26:44",
        "updated_at": "2024-02-03 20:26:44"
    },
    {
        "id": "157",
        "uuid": "8ceaef4e-fa3a-447c-a2bf-eb1509bca5e0",
        "property_id": "1162",
        "firstname": "VIRGINIA",
        "lastname": "SANCHEZ LOPEZ",
        "phone_number": "2712153020",
        "folio": "51",
        "amount": "600.00",
        "month": ".Enero-2024",
        "comments": "PATY 281223    600 PESOS PAGO ANUAL CASA SOLA 2024 COMPLETO",
        "created_at": "2024-02-03 20:40:08",
        "updated_at": "2024-02-03 20:47:50"
    },
    {
        "id": "158",
        "uuid": "f5af2ce9-5f4b-4022-ad39-6b62301089c4",
        "property_id": "1476",
        "firstname": "MARIO",
        "lastname": "RODRIGUEZ MAZAHUA",
        "phone_number": "2712660293",
        "folio": "52/53",
        "amount": "350.00",
        "month": ".Diciembre-2023.Julio-2023.Agosto-2023.Septiembre-2023.Octubre-2023.Noviembre-2023",
        "comments": "PATY  100PESOS 251223/250 PESOS  251223",
        "created_at": "2024-02-03 20:41:37",
        "updated_at": "2024-02-03 20:47:00"
    },
    {
        "id": "159",
        "uuid": "34631a09-ed31-4814-8e85-da14d3c3c3b3",
        "property_id": "950",
        "firstname": "MONICA",
        "lastname": "ESPINOZA HERNANDEZ",
        "phone_number": "2711414679",
        "folio": "56",
        "amount": "300.00",
        "month": ".Noviembre-2023.Diciembre-2023.Enero-2024",
        "comments": "PATY  030124",
        "created_at": "2024-02-03 20:52:25",
        "updated_at": "2024-02-03 20:52:25"
    },
    {
        "id": "160",
        "uuid": "04cf96c2-cfc6-4265-8416-342d0f1a0bc5",
        "property_id": "1267",
        "firstname": "ARCELIA",
        "lastname": "VAZQUEZ GUERRA",
        "phone_number": "2711074622",
        "folio": "57",
        "amount": "200.00",
        "month": ".Enero-2024.Febrero-2024",
        "comments": "PATY  030124",
        "created_at": "2024-02-03 20:53:41",
        "updated_at": "2024-02-03 20:53:41"
    },
    {
        "id": "161",
        "uuid": "35bd005a-6738-42a9-aaca-38cb49ff5e0e",
        "property_id": "1147",
        "firstname": "PEDRO",
        "lastname": "BRAVO RODRIGUEZ",
        "phone_number": "2712459092",
        "folio": "58",
        "amount": "200.00",
        "month": ".Noviembre-2023.Diciembre-2023",
        "comments": "PATY  030124",
        "created_at": "2024-02-03 20:54:51",
        "updated_at": "2024-02-03 20:54:51"
    },
    {
        "id": "162",
        "uuid": "bec54ad1-0a15-40f1-bba7-771dac5603b4",
        "property_id": "176",
        "firstname": "CARLOS ALBERTO",
        "lastname": "ACOSTA YUNES",
        "phone_number": "2711112687",
        "folio": "237",
        "amount": "100.00",
        "month": ".Enero-2024",
        "comments": "PATY  250124",
        "created_at": "2024-02-03 20:59:54",
        "updated_at": "2024-02-03 20:59:54"
    },
    {
        "id": "163",
        "uuid": "d92d8989-1ae2-446d-88e1-8d3fb016df90",
        "property_id": "1167",
        "firstname": "DANIELA",
        "lastname": "RUIZ REYES",
        "phone_number": "2711319843",
        "folio": "238",
        "amount": "200.00",
        "month": ".Noviembre-2023.Diciembre-2023",
        "comments": "PATY  260124",
        "created_at": "2024-02-03 21:01:04",
        "updated_at": "2024-02-03 21:01:04"
    },
    {
        "id": "164",
        "uuid": "6e189b73-89a7-4992-acd4-942dbc2703b7",
        "property_id": "914",
        "firstname": "VICTORIA",
        "lastname": "MUÑOZ CHAVEZ",
        "phone_number": null,
        "folio": "261",
        "amount": "200.00",
        "month": ".Diciembre-2023.Enero-2024",
        "comments": "CHINA 150124",
        "created_at": "2024-02-03 21:03:54",
        "updated_at": "2024-02-03 21:03:54"
    },
    {
        "id": "165",
        "uuid": "50379c9c-b3e4-4c28-bd63-b0ead7ca182a",
        "property_id": "106",
        "firstname": "YADIRA",
        "lastname": "MUÑOZ",
        "phone_number": null,
        "folio": "262",
        "amount": "200.00",
        "month": ".Octubre-2023.Noviembre-2023.Diciembre-2023.Enero-2024",
        "comments": "CHINA  150124  CASA DESOCUPADA 200 PESOS",
        "created_at": "2024-02-03 21:05:33",
        "updated_at": "2024-02-03 21:05:33"
    },
    {
        "id": "166",
        "uuid": "b01ebd7f-0f55-44f6-95f7-57e20b902260",
        "property_id": "318",
        "firstname": "JACOBO",
        "lastname": "GARCIA CANELA",
        "phone_number": null,
        "folio": "270",
        "amount": "100.00",
        "month": ".Enero-2024",
        "comments": "CHINA  160124  1500 REGULARIZA PAGO AL MES DE ENERO",
        "created_at": "2024-02-03 21:24:18",
        "updated_at": "2024-02-03 21:24:18"
    },
    {
        "id": "167",
        "uuid": "56f06381-c5b8-4b95-afa6-6c1fe283c219",
        "property_id": "62",
        "firstname": "JESUS",
        "lastname": "ESPINO HIPOLITO",
        "phone_number": null,
        "folio": "272",
        "amount": "300.00",
        "month": ".Diciembre-2023.Enero-2024.Febrero-2024",
        "comments": "CHINA  160124",
        "created_at": "2024-02-03 21:26:56",
        "updated_at": "2024-02-03 21:26:56"
    },
    {
        "id": "168",
        "uuid": "abfe8de4-cf29-4593-aa0b-de21acdd5bd0",
        "property_id": "440",
        "firstname": "CRISTINA",
        "lastname": "CRUZ JUAREZ",
        "phone_number": null,
        "folio": "273",
        "amount": "200.00",
        "month": ".Enero-2024.Febrero-2024",
        "comments": "CHINA  160124",
        "created_at": "2024-02-03 21:30:12",
        "updated_at": "2024-02-03 21:30:12"
    },
    {
        "id": "169",
        "uuid": "6c1f4632-85dd-4209-ad4e-861d05c295a5",
        "property_id": "476",
        "firstname": "MARICELA",
        "lastname": "PAROJAS CERVANTES",
        "phone_number": null,
        "folio": "275",
        "amount": "200.00",
        "month": ".Enero-2024.Febrero-2024",
        "comments": "CHINA 180124",
        "created_at": "2024-02-03 21:32:25",
        "updated_at": "2024-02-03 21:32:25"
    },
    {
        "id": "170",
        "uuid": "d7048896-b5c3-4575-9cb4-ca4202c6377b",
        "property_id": "407",
        "firstname": "FERNANDO",
        "lastname": "LIMON LOPEZ",
        "phone_number": "2711519916",
        "folio": "276",
        "amount": "200.00",
        "month": ".Enero-2024.Febrero-2024",
        "comments": "CHINA  180124",
        "created_at": "2024-02-03 21:33:47",
        "updated_at": "2024-02-03 21:33:47"
    },
    {
        "id": "171",
        "uuid": "a59e3cc0-94a1-4943-a017-d48ff141c284",
        "property_id": "839",
        "firstname": "ITZAYANA",
        "lastname": "FLORES GUERRERO",
        "phone_number": "2712261207",
        "folio": "281",
        "amount": "200.00",
        "month": ".Diciembre-2023.Enero-2024",
        "comments": "EDER  140124   50 DICEMBRE/ 100 ENERO",
        "created_at": "2024-02-03 21:43:54",
        "updated_at": "2024-02-03 21:44:39"
    },
    {
        "id": "172",
        "uuid": "fc4f76ba-ac5f-4d90-bd1a-699c234a2038",
        "property_id": "837",
        "firstname": "LUIS",
        "lastname": "MORAN SEGURA",
        "phone_number": "2711052056",
        "folio": "282",
        "amount": "100.00",
        "month": ".Enero-2024",
        "comments": "EDER 140124",
        "created_at": "2024-02-03 21:45:31",
        "updated_at": "2024-02-03 21:45:31"
    },
    {
        "id": "173",
        "uuid": "1436ce58-76c1-4cc4-8f0e-7666122f05b3",
        "property_id": "1172",
        "firstname": "YESSICA",
        "lastname": "GONZALEZ GUARNEROS",
        "phone_number": "2291203620",
        "folio": "283",
        "amount": "100.00",
        "month": ".Enero-2024",
        "comments": "EDER  140124",
        "created_at": "2024-02-03 21:48:08",
        "updated_at": "2024-02-03 21:48:08"
    },
    {
        "id": "174",
        "uuid": "8dd496a7-5cea-4da0-9db1-230cb20afc19",
        "property_id": "9",
        "firstname": "ELVIA MONICA",
        "lastname": "LUNA MARTINEZ",
        "phone_number": "2712848303",
        "folio": "284",
        "amount": "200.00",
        "month": ".Noviembre-2023.Octubre-2023",
        "comments": "EDER 140124",
        "created_at": "2024-02-03 21:54:35",
        "updated_at": "2024-02-03 21:54:35"
    },
    {
        "id": "175",
        "uuid": "8af3b4ec-155f-45b8-9f2f-d76a9e50baca",
        "property_id": "512",
        "firstname": "ELIENA",
        "lastname": "FRANCO LOYOLA",
        "phone_number": "2717029021",
        "folio": "286",
        "amount": "300.00",
        "month": ".Enero-2024.Febrero-2024.Marzo-2024",
        "comments": "EDER 150124",
        "created_at": "2024-02-03 22:00:20",
        "updated_at": "2024-02-03 22:00:20"
    },
    {
        "id": "176",
        "uuid": "215b2c38-ac41-404e-884f-0d8cdc7f1003",
        "property_id": "506",
        "firstname": "ELIA",
        "lastname": "LOPEZ HERNANDEZ",
        "phone_number": "2711536595",
        "folio": "288",
        "amount": "200.00",
        "month": ".Enero-2024.Febrero-2024",
        "comments": "EDER  150124",
        "created_at": "2024-02-03 22:02:24",
        "updated_at": "2024-02-03 22:02:24"
    },
    {
        "id": "177",
        "uuid": "d29e6598-2041-4907-87c4-3169473559f7",
        "property_id": "1293",
        "firstname": "ANTONIO",
        "lastname": "FELICIANO GARCIA",
        "phone_number": "2711023551",
        "folio": "291",
        "amount": "100.00",
        "month": ".Enero-2024",
        "comments": "EDER 180124",
        "created_at": "2024-02-03 22:15:26",
        "updated_at": "2024-02-03 22:15:26"
    },
    {
        "id": "178",
        "uuid": "732da878-6efd-4b3c-8b11-44742c2f9570",
        "property_id": "475",
        "firstname": "ELLIUD",
        "lastname": "CRUZ",
        "phone_number": "2712446179",
        "folio": "292",
        "amount": "200.00",
        "month": ".Septiembre-2023.Octubre-2023",
        "comments": "EDER 190124",
        "created_at": "2024-02-03 22:16:33",
        "updated_at": "2024-02-03 22:16:33"
    },
    {
        "id": "179",
        "uuid": "87bb3c2d-f014-48de-936a-f69c3b37cf90",
        "property_id": "1509",
        "firstname": "LUIS ARTURO",
        "lastname": "SERRANO PASTOR",
        "phone_number": "2712919000",
        "folio": "294",
        "amount": "400.00",
        "month": ".Enero-2024",
        "comments": "EDER 200124  400 ENERO MAS RECONEXION",
        "created_at": "2024-02-03 22:22:03",
        "updated_at": "2024-02-03 22:22:03"
    },
    {
        "id": "180",
        "uuid": "05066274-6bc1-4fb9-9e4c-7ef7fc56b7d2",
        "property_id": "1391",
        "firstname": "KARINA",
        "lastname": "MENDEZ OLIVARES",
        "phone_number": "2712001496",
        "folio": "295",
        "amount": "500.00",
        "month": ".Julio-2023.Agosto-2023.Septiembre-2023.Octubre-2023.Noviembre-2023",
        "comments": "EDER  200124  700 PESOS DE MAYO A NOV 23",
        "created_at": "2024-02-03 22:24:24",
        "updated_at": "2024-02-03 22:24:24"
    },
    {
        "id": "181",
        "uuid": "e34a311c-25ba-4e40-9792-cfbde2b3348f",
        "property_id": "150",
        "firstname": "MARCIA",
        "lastname": "VELAZQUEZ SANCHEZ",
        "phone_number": "2711771248",
        "folio": "298",
        "amount": "100.00",
        "month": ".Diciembre-2023",
        "comments": "EDER 230124",
        "created_at": "2024-02-03 22:28:31",
        "updated_at": "2024-02-03 22:28:31"
    }
]
