[
  {
    "id": "1",
    "uuid": "a3bfdb28-5a1d-4cd7-a89c-9dc075e6bfd3",
    "name": "san francisco",
    "deleted_at": null,
    "created_at": "2024-02-14 01:06:13",
    "updated_at": "2024-02-14 01:06:13"
  },
  {
    "id": "2",
    "uuid": "88aaf892-81cd-4b08-8773-3abf7db52a5b",
    "name": "san jorge",
    "deleted_at": null,
    "created_at": "2024-02-14 01:06:13",
    "updated_at": "2024-02-14 01:06:13"
  },
  {
    "id": "3",
    "uuid": "37e97981-9f3a-49fb-a3e5-b8e88cd720e4",
    "name": "san martin",
    "deleted_at": null,
    "created_at": "2024-02-14 01:06:13",
    "updated_at": "2024-02-14 01:06:13"
  },
  {
    "id": "4",
    "uuid": "1d8664c2-4d6e-4361-bbe1-4f1fb3dd9b56",
    "name": "san valentin",
    "deleted_at": null,
    "created_at": "2024-02-14 01:06:13",
    "updated_at": "2024-02-14 01:06:13"
  },
  {
    "id": "5",
    "uuid": "2c897b00-5d1d-4ab3-88eb-52aca29942be",
    "name": "san gabriel",
    "deleted_at": null,
    "created_at": "2024-02-14 01:06:13",
    "updated_at": "2024-02-14 01:06:13"
  },
  {
    "id": "6",
    "uuid": "55f7c3b6-2eb9-42d8-ad44-8be88743b9e0",
    "name": "san miguel",
    "deleted_at": null,
    "created_at": "2024-02-14 01:06:13",
    "updated_at": "2024-02-14 01:06:13"
  },
  {
    "id": "7",
    "uuid": "89b545da-ba48-4c7b-af9b-5be27829086d",
    "name": "santo tomas",
    "deleted_at": null,
    "created_at": "2024-02-14 01:06:13",
    "updated_at": "2024-02-14 01:06:13"
  },
  {
    "id": "8",
    "uuid": "dc80d1f8-d6a2-44c2-9716-a736de65f04b",
    "name": "santa lourdes",
    "deleted_at": null,
    "created_at": "2024-02-14 01:06:13",
    "updated_at": "2024-02-14 01:06:13"
  },
  {
    "id": "9",
    "uuid": "9c5227d0-4119-41c3-a97e-c02ef24da0b1",
    "name": "san felipe",
    "deleted_at": null,
    "created_at": "2024-02-14 01:06:13",
    "updated_at": "2024-02-14 01:06:13"
  },
  {
    "id": "10",
    "uuid": "c339fa04-10c2-4161-85b0-76c55fd163a7",
    "name": "santa ines",
    "deleted_at": null,
    "created_at": "2024-02-14 01:06:13",
    "updated_at": "2024-02-14 01:06:13"
  },
  {
    "id": "11",
    "uuid": "d58cffb5-21a1-4851-a66d-443c1a3d0d8a",
    "name": "san esteban",
    "deleted_at": null,
    "created_at": "2024-02-14 01:06:13",
    "updated_at": "2024-02-14 01:06:13"
  },
  {
    "id": "12",
    "uuid": "c0434023-256b-45dd-94d3-b0f4656e1914",
    "name": "circuito san gregorio primera entrada",
    "deleted_at": null,
    "created_at": "2024-02-14 01:06:13",
    "updated_at": "2024-02-14 01:06:13"
  },
  {
    "id": "13",
    "uuid": "e18e021d-0b5b-493f-ad76-f630110df6a7",
    "name": "circuito san gregorio segunda entrada",
    "deleted_at": null,
    "created_at": "2024-02-14 01:06:13",
    "updated_at": "2024-02-14 01:06:13"
  },
  {
    "id": "14",
    "uuid": "e23b2b27-5106-4162-82cc-8812582dca6b",
    "name": "san juan",
    "deleted_at": null,
    "created_at": "2024-02-14 01:06:13",
    "updated_at": "2024-02-14 01:06:13"
  },
  {
    "id": "15",
    "uuid": "945bceff-d76d-4ca6-9429-974ec815ef72",
    "name": "san rafael",
    "deleted_at": null,
    "created_at": "2024-02-14 01:06:13",
    "updated_at": "2024-02-14 01:06:13"
  },
  {
    "id": "16",
    "uuid": "9487876a-a3b5-49cf-8382-8e83a1bd6ed8",
    "name": "santa catalina",
    "deleted_at": null,
    "created_at": "2024-02-14 01:06:13",
    "updated_at": "2024-02-14 01:06:13"
  },
  {
    "id": "17",
    "uuid": "bd2860e7-fd90-44d3-a862-2d1910bb9b04",
    "name": "san julian",
    "deleted_at": null,
    "created_at": "2024-02-14 01:06:13",
    "updated_at": "2024-02-14 01:06:13"
  },
  {
    "id": "18",
    "uuid": "b25c8647-4f78-408c-9e4f-2b52a2fad5e5",
    "name": "san ramon",
    "deleted_at": null,
    "created_at": "2024-02-14 01:06:13",
    "updated_at": "2024-02-14 01:06:13"
  },
  {
    "id": "19",
    "uuid": "9e65c8bf-63e0-41aa-be51-abca07aef0c8",
    "name": "san leonardo",
    "deleted_at": null,
    "created_at": "2024-02-14 01:06:13",
    "updated_at": "2024-02-14 01:06:13"
  },
  {
    "id": "20",
    "uuid": "49e84eeb-3279-4e45-923f-54c37d2c477c",
    "name": "san canuto",
    "deleted_at": null,
    "created_at": "2024-02-14 01:06:13",
    "updated_at": "2024-02-14 01:06:13"
  },
  {
    "id": "21",
    "uuid": "6ac5b1f8-a45d-4fb6-8e79-4ba2a5e2c202",
    "name": "san marcos",
    "deleted_at": null,
    "created_at": "2024-02-14 01:06:13",
    "updated_at": "2024-02-14 01:06:13"
  },
  {
    "id": "22",
    "uuid": "93569a5b-1b19-4dd8-a582-98c94961ca23",
    "name": "san marcelo",
    "deleted_at": null,
    "created_at": "2024-02-14 01:06:13",
    "updated_at": "2024-02-14 01:06:13"
  },
  {
    "id": "23",
    "uuid": "eaf45026-74d5-4a1f-a379-d149ed6655ff",
    "name": "santa cecilia",
    "deleted_at": null,
    "created_at": "2024-02-14 01:06:13",
    "updated_at": "2024-02-14 01:06:13"
  },
  {
    "id": "24",
    "uuid": "b3ab0a24-2eca-43b9-85e2-1f9081461db5",
    "name": "san antonio",
    "deleted_at": null,
    "created_at": "2024-02-14 01:06:13",
    "updated_at": "2024-02-14 01:06:13"
  },
  {
    "id": "25",
    "uuid": "e51be16d-9f14-467e-88cd-759df6f164bb",
    "name": "santa teresa",
    "deleted_at": null,
    "created_at": "2024-02-14 01:06:13",
    "updated_at": "2024-02-14 01:06:13"
  },
  {
    "id": "26",
    "uuid": "1a971eb3-6eef-43cf-b029-ff5c12ad7a15",
    "name": "santa lucia",
    "deleted_at": null,
    "created_at": "2024-02-14 01:06:13",
    "updated_at": "2024-02-14 01:06:13"
  },
  {
    "id": "27",
    "uuid": "65950d9f-c9ba-474b-9d22-ce5c3006fa66",
    "name": "santa patricia",
    "deleted_at": null,
    "created_at": "2024-02-14 01:06:13",
    "updated_at": "2024-02-14 01:06:13"
  },
  {
    "id": "28",
    "uuid": "ce5ebcd3-68e6-46d0-a6b9-61438bad4373",
    "name": "san agustin",
    "deleted_at": null,
    "created_at": "2024-02-14 01:06:13",
    "updated_at": "2024-02-14 01:06:13"
  },
  {
    "id": "29",
    "uuid": "8fd755a9-5968-4dca-b445-c4e8bf197d1a",
    "name": "san david",
    "deleted_at": null,
    "created_at": "2024-02-14 01:06:13",
    "updated_at": "2024-02-14 01:06:13"
  },
  {
    "id": "30",
    "uuid": "4b11c46e-22a3-4913-9996-90b18b45f126",
    "name": "santa maria",
    "deleted_at": null,
    "created_at": "2024-02-14 01:06:13",
    "updated_at": "2024-02-14 01:06:13"
  },
  {
    "id": "31",
    "uuid": "bfb2b4c0-db5e-4d6d-99fe-9fb41241470a",
    "name": "san carlos",
    "deleted_at": null,
    "created_at": "2024-02-14 01:06:13",
    "updated_at": "2024-02-14 01:06:13"
  },
  {
    "id": "32",
    "uuid": "94a61179-0f93-4b37-a6bf-b073c2350e9a",
    "name": "santa paz",
    "deleted_at": null,
    "created_at": "2024-02-14 01:06:13",
    "updated_at": "2024-02-14 01:06:13"
  },
  {
    "id": "33",
    "uuid": "9afacf03-95d3-4717-aea4-4878fbc2bf78",
    "name": "san cosme",
    "deleted_at": null,
    "created_at": "2024-02-14 01:06:13",
    "updated_at": "2024-02-14 01:06:13"
  },
  {
    "id": "34",
    "uuid": "b0db7075-5183-4e61-b8c4-05ee284eb0b5",
    "name": "san lazaro",
    "deleted_at": null,
    "created_at": "2024-02-14 01:06:13",
    "updated_at": "2024-02-14 01:06:13"
  },
  {
    "id": "35",
    "uuid": "8f33c71c-285b-4b15-86c2-950d78701c61",
    "name": "santa emiliana",
    "deleted_at": null,
    "created_at": "2024-02-14 01:06:13",
    "updated_at": "2024-02-14 01:06:13"
  },
  {
    "id": "36",
    "uuid": "97105907-b227-4f1f-8b08-cadf9afa4f38",
    "name": "san jose",
    "deleted_at": null,
    "created_at": "2024-02-14 01:06:13",
    "updated_at": "2024-02-14 01:06:13"
  },
  {
    "id": "37",
    "uuid": "64a9a647-1ecb-4118-8948-1c841aaf7e27",
    "name": "san ignacio",
    "deleted_at": null,
    "created_at": "2024-02-14 01:06:13",
    "updated_at": "2024-02-14 01:06:13"
  },
  {
    "id": "38",
    "uuid": "ef24610b-620b-45ee-8aa0-2ce8bdfc1258",
    "name": "san pascual",
    "deleted_at": null,
    "created_at": "2024-02-14 01:06:13",
    "updated_at": "2024-02-14 01:06:13"
  },
  {
    "id": "39",
    "uuid": "2c36556b-91f6-4f3b-ae3d-9c8b4758666b",
    "name": "boulevard colinas de san jose",
    "deleted_at": null,
    "created_at": "2024-02-14 01:06:13",
    "updated_at": "2024-02-14 01:06:13"
  }
]