[
    {
        "folio": 132,
        "uuid": "853d43cc-5298-4a51-8aaf-2c27f9eb3032"
    },
    {
        "folio": 133,
        "uuid": "7ec92c53-f372-4531-9006-5349dbbcab95"
    },
    {
        "folio": 134,
        "uuid": "fbac5b41-29a5-4668-95e3-69d18810f3d5"
    },
    {
        "folio": 135,
        "uuid": "ede70e0d-c0b6-4e8f-9c5d-094cd6d7e836"
    },
    {
        "folio": 136,
        "uuid": "71f3a406-6e6d-40c9-80b3-5de97a5d0b5c"
    },
    {
        "folio": 137,
        "uuid": "335a064c-f9fa-42dc-9522-87649d1964fd"
    },
    {
        "folio": 138,
        "uuid": "e83afdf1-bbe2-4522-945b-6fea91ed5644"
    },
    {
        "folio": 139,
        "uuid": "a3ab1796-0474-470b-a01c-25529431e4cc"
    },
    {
        "folio": 140,
        "uuid": "142b58f2-ab61-4eed-9f01-1236bb34a255"
    },
    {
        "folio": 241,
        "uuid": "34ad4c26-a7f3-4a05-9945-2e0e0e5ee4c6"
    },
    {
        "folio": 242,
        "uuid": "d3345260-b7fe-4afb-8958-38fde52cbf51"
    },
    {
        "folio": 243,
        "uuid": "27efd778-dc6e-4df2-a61e-c9243a05989d"
    },
    {
        "folio": 244,
        "uuid": "50ef387a-ae03-41ea-92ea-b03dbe67a5db"
    },
    {
        "folio": 245,
        "uuid": "e67f8144-b9a8-4514-9e55-5070d0456391"
    },
    {
        "folio": 252,
        "uuid": "1f19e8c0-d9e8-4967-b82d-227370838219"
    },
    {
        "folio": 253,
        "uuid": "f53733a0-efe9-4f75-93eb-e87165e07aa7"
    },
    {
        "folio": 254,
        "uuid": "2689688e-753d-4ca2-819b-7154d2a39ce1"
    },
    {
        "folio": 255,
        "uuid": "a0cd1741-d92b-4e04-8d81-4fbe6fb6da60"
    },
    {
        "folio": 256,
        "uuid": "f725afb2-e077-4355-b742-c47795e997d8"
    },
    {
        "folio": 257,
        "uuid": "e65e0a96-1274-4ac5-924e-682e46de705e"
    },
    {
        "folio": 258,
        "uuid": "3c861f54-4ac8-41bf-b0f9-bbbbc2a1d348"
    },
    {
        "folio": 259,
        "uuid": "8a20eb19-86b7-429c-8730-80417550c981"
    },
    {
        "folio": 260,
        "uuid": "d75ef92f-1679-4c9d-a976-60f0cc0d9ee6"
    },

    {
        "folio": 304,
        "uuid": "2c376427-8248-4b07-8e27-9efde821ceb4"
    },
    {
        "folio": 305,
        "uuid": "c5b5f4d6-c7e2-48f9-9a7e-13f41901ea7e"
    },
    {
        "folio": 306,
        "uuid": "33474576-f7f8-4590-bd75-fefb0ab3cbd0"
    },
    {
        "folio": 307,
        "uuid": "36f5d8c6-f3f4-4cf5-97e4-300a9e3e7af7"
    },
    {
        "folio": 308,
        "uuid": "f5325335-11ee-42c4-9797-ca07b8da3faf"
    },
    {
        "folio": 309,
        "uuid": "2bf37a13-898b-4c8e-b75a-665d61b7eb57"
    },
    {
        "folio": 310,
        "uuid": "415cf145-ee7b-4174-b49a-536129eeaaf8"
    },
    {
        "folio": 311,
        "uuid": "6a13b3db-c2f7-486e-ad68-5650426efb93"
    },
    {
        "folio": 312,
        "uuid": "47c3d7b1-0fc2-48a9-a577-856e6c71c264"
    },
    {
        "folio": 313,
        "uuid": "8c10b1b5-a527-4595-b1f2-a42f835afa82"
    },
    {
        "folio": 314,
        "uuid": "70144061-7d6c-4be5-ba37-aed16703af8a"
    },
    {
        "folio": 315,
        "uuid": "20d8a387-f695-4c14-a022-a606b31230e4"
    },
    {
        "folio": 316,
        "uuid": "58630e18-ebec-4670-a9b9-289d1ad91e2a"
    },
    {
        "folio": 317,
        "uuid": "f0dd28fb-a8b8-4f51-8e54-60e39c8da820"
    },
    {
        "folio": 318,
        "uuid": "414ac987-9507-4a3c-8e94-1021f7985274"
    },
    {
        "folio": 319,
        "uuid": "1d9e8d6b-daa7-410f-822c-d6c94fe36794"
    },
    {
        "folio": 320,
        "uuid": "3010898d-602a-4189-ae23-71a2fea9ba67"
    },
    {
        "folio": 361,
        "uuid": "e209e5de-d813-46b8-ba64-7c36b4dc872a"
    },
    {
        "folio": 362,
        "uuid": "3648780e-c037-4628-91be-09c4fd3495e1"
    },
    {
        "folio": 363,
        "uuid": "d973aac3-7427-4e90-95c6-3843799c353b"
    },
    {
        "folio": 364,
        "uuid": "984e5826-d0a1-406f-aebb-50a7d5d05ed5"
    },
    {
        "folio": 365,
        "uuid": "a03ebccd-9066-4ec4-b5a6-58b6e2aa7d7a"
    },
    {
        "folio": 366,
        "uuid": "5b7be128-4193-40ba-97bb-4b93796f6ece"
    },
    {
        "folio": 367,
        "uuid": "5c3bde17-c87c-4529-838e-b708c6442415"
    },
    {
        "folio": 368,
        "uuid": "0d3d1bf8-19a9-40f0-a53d-38e20ac6cf6e"
    },
    {
        "folio": 369,
        "uuid": "af76d6ea-146d-48d2-af8b-52a87ff4cd23"
    },
    {
        "folio": 370,
        "uuid": "c62d71a1-e300-439b-aedc-c88eec15162e"
    },
    {
        "folio": 371,
        "uuid": "cf64ca38-4d9b-434b-b777-c55bb4fdaf88"
    },
    {
        "folio": 372,
        "uuid": "3d2d2a34-b8d1-48b3-bc86-3521ac6acf6a"
    },
    {
        "folio": 373,
        "uuid": "4c68ae41-f262-402d-a63c-bc917277eeb4"
    },
    {
        "folio": 374,
        "uuid": "fb8182b7-2cf6-4743-bc06-5ef88a292e44"
    },
    {
        "folio": 375,
        "uuid": "0cd905f0-1eb2-4173-9612-4a0f980ede68"
    },
    {
        "folio": 376,
        "uuid": "54157cc0-bac7-48b8-96a4-441f5e73dc79"
    },
    {
        "folio": 377,
        "uuid": "3bc6dbff-d4a7-448f-9a6e-c1ded5ca418c"
    },
    {
        "folio": 378,
        "uuid": "dd87995f-9b53-492d-aab4-22e52a073671"
    },
    {
        "folio": 379,
        "uuid": "f1c38e0f-d654-47f3-b243-612aefde7be3"
    },
    {
        "folio": 380,
        "uuid": "fc02427a-26d1-48d2-b127-9e235bac2b52"
    },
    {
        "folio": 381,
        "uuid": "ce44e3a2-ae5e-4594-9a81-72396217d939"
    },
    {
        "folio": 382,
        "uuid": "4b325b69-28f5-403a-a318-410420eeb119"
    },
    {
        "folio": 383,
        "uuid": "82557f6e-2722-4315-8d55-16ea29cda1ea"
    },
    {
        "folio": 384,
        "uuid": "b0dc0dd7-2403-4d05-8f1b-824fb9b875bd"
    },
    {
        "folio": 385,
        "uuid": "633cf42a-843d-445a-9b63-0825d607265c"
    },
    {
        "folio": 386,
        "uuid": "2318a696-1b0d-468b-897d-12576e5e123c"
    },
    {
        "folio": 387,
        "uuid": "7c1a0fb3-346e-4e3f-8aac-c3ab6e6ebfc9"
    },
    {
        "folio": 388,
        "uuid": "2cd604f0-c298-4e23-ab7e-191ede57fd44"
    },
    {
        "folio": 389,
        "uuid": "e7730fce-6e46-4c11-9541-ca8c707a91f1"
    },
    {
        "folio": 390,
        "uuid": "11ad3c5e-6771-42f0-a281-1b196158e574"
    },
    {
        "folio": 391,
        "uuid": "ef83f03e-85c8-47a4-b21a-c87aebe34373"
    },
    {
        "folio": 392,
        "uuid": "0621a60c-b103-4e71-baef-530c95bdec3e"
    },
    {
        "folio": 393,
        "uuid": "a9466cc1-7d77-4ed5-8768-5033004dd5ea"
    },
    {
        "folio": 394,
        "uuid": "920b8a67-440a-48fa-b764-bc348b9ca11c"
    },
    {
        "folio": 395,
        "uuid": "fb5f12b1-85fc-4449-84d0-38fcb6004347"
    },
    {
        "folio": 396,
        "uuid": "a8bd1fe3-db39-422a-abcc-2b62fc1285b4"
    },
    {
        "folio": 397,
        "uuid": "73f55d8a-f613-4be4-a708-280d6de9c2ab"
    },
    {
        "folio": 398,
        "uuid": "63335ba2-352f-429f-a289-f540f57da2fe"
    },
    {
        "folio": 399,
        "uuid": "4093ed6f-5a51-4760-be5e-13de2d54a4db"
    },
    {
        "folio": 400,
        "uuid": "06f4b9be-6df7-4aa8-abb6-229cb1818cd8"
    },
    {
        "folio": 401,
        "uuid": "d9dd8b0e-c9a7-4170-8418-ca67c86a330d"
    },
    {
        "folio": 402,
        "uuid": "aa99f570-d3a3-49c9-9753-0ec50568027a"
    },
    {
        "folio": 403,
        "uuid": "d239a4dd-565d-4673-8be0-577aea3ff83e"
    },
    {
        "folio": 404,
        "uuid": "aafeaeb2-1246-489e-ab25-19872743db85"
    },
    {
        "folio": 405,
        "uuid": "4a84cd21-8fc2-47d8-aeeb-ea76c9179026"
    },
    {
        "folio": 406,
        "uuid": "12c4229b-53a6-4793-83f6-cdf7ddc97a4c"
    },
    {
        "folio": 407,
        "uuid": "984b1e85-75a0-44ba-9aeb-6a3161529673"
    },
    {
        "folio": 408,
        "uuid": "31d4dff0-856a-490a-a7cf-4b1669425d4c"
    },
    {
        "folio": 409,
        "uuid": "d813b0f5-cebf-49d1-beeb-c54a4c000f83"
    },
    {
        "folio": 410,
        "uuid": "b46315e4-ae89-408b-b8d1-42be5650efcf"
    },
    {
        "folio": 411,
        "uuid": "6f62ea6d-4015-49a2-825d-20e93fe2790f"
    },
    {
        "folio": 412,
        "uuid": "0fd6b6d5-0788-4181-bc16-d2dfce0166ff"
    },
    {
        "folio": 413,
        "uuid": "7d894f07-f93d-455b-9c3f-05e2c4bac7c6"
    },
    {
        "folio": 414,
        "uuid": "d3d432e0-8f00-4fdb-95b3-64f5ecc231a2"
    },
    {
        "folio": 415,
        "uuid": "bd16c884-6aca-410b-8844-74293cd4752e"
    },
    {
        "folio": 416,
        "uuid": "0c7af6b8-4d18-4aa1-aeb1-898803842e08"
    },
    {
        "folio": 417,
        "uuid": "f21b6f4a-d3b4-4119-b93e-96ca47e149de"
    },
    {
        "folio": 418,
        "uuid": "1fb3d268-255e-4e9c-bc59-05ee0812d370"
    },
    {
        "folio": 419,
        "uuid": "234b0b27-9f47-4940-b9a6-d1dd07b9b21d"
    },
    {
        "folio": 420,
        "uuid": "b2c5de11-dd4c-47af-93e5-1934aa9eef52"
    },
    {
        "folio": 421,
        "uuid": "994bc6dc-0ce3-4a68-86a8-b326021d2e5c"
    },
    {
        "folio": 422,
        "uuid": "00d88a47-45e7-47ce-9c20-8711222257d9"
    },
    {
        "folio": 423,
        "uuid": "d1225976-d024-49b5-aec0-8eba1f86f7be"
    },
    {
        "folio": 424,
        "uuid": "21b9bd00-6904-4a99-bc08-247035afea2e"
    },
    {
        "folio": 425,
        "uuid": "68647579-3d36-45f1-911b-ca875ab0f37a"
    },
    {
        "folio": 426,
        "uuid": "162ce9a6-608a-436a-822a-6760cf76590f"
    },
    {
        "folio": 427,
        "uuid": "47958d64-684e-411b-8822-ba4aee3a8e9d"
    },
    {
        "folio": 428,
        "uuid": "d9459e92-a9fb-4e41-b2f0-ee30172d46ab"
    },
    {
        "folio": 429,
        "uuid": "cc6d4d2e-e247-439c-84dc-4e98dccdffda"
    },
    {
        "folio": 430,
        "uuid": "658b42dd-4198-456d-bb57-c844a402689d"
    },
    {
        "folio": 431,
        "uuid": "967dbca0-10f8-40e2-92ca-4d5134f6635a"
    },
    {
        "folio": 432,
        "uuid": "49fb2c6e-8e9c-461b-bb07-e06fe91ef37a"
    },
    {
        "folio": 433,
        "uuid": "420e6f42-e662-43ce-ad47-8995ca48d20e"
    },
    {
        "folio": 434,
        "uuid": "4f58d258-09d7-4c0d-8e82-2cd077337e6e"
    },
    {
        "folio": 435,
        "uuid": "e0926c16-86b1-4a98-a7c8-5743ac51938e"
    },
    {
        "folio": 436,
        "uuid": "c43ab498-6af0-46d2-a021-7299af1d3992"
    },
    {
        "folio": 437,
        "uuid": "287cb0cf-f0a7-4ee5-849a-03f7d262f752"
    },
    {
        "folio": 438,
        "uuid": "3d06f406-5bae-491a-a0a3-fc07bdd66e02"
    },
    {
        "folio": 439,
        "uuid": "46c35c3a-f2cd-4193-bbbc-ad4055441449"
    },
    {
        "folio": 440,
        "uuid": "1d05be37-d11b-44da-98e6-26a17acb85bf"
    },
    {
        "folio": 441,
        "uuid": "ac7831d7-0969-49aa-bd1d-d3f2846d954b"
    },
    {
        "folio": 442,
        "uuid": "f94261bb-b61a-4419-8402-1352905d917f"
    },
    {
        "folio": 443,
        "uuid": "44a1d731-978c-4011-b022-1a62180e2829"
    },
    {
        "folio": 444,
        "uuid": "3b5654b0-535c-4a9c-a747-22830700dede"
    },
    {
        "folio": 445,
        "uuid": "f652af1a-defe-4641-a2bd-3e20622cdaf7"
    },
    {
        "folio": 446,
        "uuid": "26ab4ba7-ad1a-417c-98f9-27365186faa8"
    },
    {
        "folio": 447,
        "uuid": "2cd960da-332a-4945-aae0-521cf36d78d5"
    },
    {
        "folio": 448,
        "uuid": "6363a5fa-6319-4027-ae9b-ab9fbeb7f7b8"
    },
    {
        "folio": 449,
        "uuid": "b2bad16c-5622-41be-a9ee-466275c46d2d"
    },
    {
        "folio": 450,
        "uuid": "0900dda5-81f0-4054-ad86-c1d39c624ce2"
    },
    {
        "folio": 451,
        "uuid": "88c972ca-2428-46f2-8c5a-0fd884d54a03"
    },
    {
        "folio": 452,
        "uuid": "a59be9c1-8278-439b-8577-2b9913453d43"
    },
    {
        "folio": 453,
        "uuid": "595cc0b2-e446-49cf-bc3f-f21580d5feb0"
    },
    {
        "folio": 454,
        "uuid": "3146acb2-f00e-4418-ab65-4c9017eeb134"
    },
    {
        "folio": 455,
        "uuid": "388a040e-1904-42d7-ab13-866636ad9f68"
    },
    {
        "folio": 456,
        "uuid": "de41bf92-028c-42a7-9fee-dd66a5da8da0"
    },
    {
        "folio": 457,
        "uuid": "6e920022-5f3f-45cd-bd3f-337f4f8fdbc5"
    },
    {
        "folio": 458,
        "uuid": "f5191d15-9b64-4d35-b041-a07148fde628"
    },
    {
        "folio": 459,
        "uuid": "36519efa-0b04-4bd0-bd9a-f25f7d611501"
    },
    {
        "folio": 460,
        "uuid": "f1c9c0b7-0136-4de4-982b-c53ca275d3fd"
    },
    {
        "folio": 461,
        "uuid": "158ff8e2-027a-4121-8603-44ab3163c550"
    },
    {
        "folio": 462,
        "uuid": "31c90543-c3d4-4d90-9ee5-4ef2d3244b83"
    },
    {
        "folio": 463,
        "uuid": "49842056-3323-4e54-8f1e-630a0cc398f7"
    },
    {
        "folio": 464,
        "uuid": "550d4509-f513-492e-8d26-08c7b447f076"
    },
    {
        "folio": 465,
        "uuid": "bb96a224-87d5-436e-9d03-68cbb7b878aa"
    },
    {
        "folio": 466,
        "uuid": "ee17f6ff-99fe-45cb-b370-656b5e227eb6"
    },
    {
        "folio": 467,
        "uuid": "bb2f4bf6-4bff-492b-b81a-9f7e1ceffc8c"
    },
    {
        "folio": 468,
        "uuid": "01d8e2f6-4e1a-4957-ab54-f71ce0a743ff"
    },
    {
        "folio": 469,
        "uuid": "67d2ccdf-a0b0-4649-be2d-b100fd308d09"
    },
    {
        "folio": 470,
        "uuid": "70f8dbc7-ebde-4358-862f-d06de4c1cfce"
    },
    {
        "folio": 471,
        "uuid": "f41166ff-76fe-4450-91be-130972c3857b"
    },
    {
        "folio": 472,
        "uuid": "7bea59ca-d93d-4f1d-9f8a-1959699d157e"
    },
    {
        "folio": 473,
        "uuid": "73177e44-7b9c-4bc3-b03b-192616a9fe2c"
    },
    {
        "folio": 474,
        "uuid": "b1749b74-41ff-409a-9995-bd7796ae2397"
    },
    {
        "folio": 475,
        "uuid": "4f519633-5bfd-4d84-9bfd-8da004e8db86"
    },
    {
        "folio": 476,
        "uuid": "8f734e9e-93a1-47c1-9c21-be979e55ee53"
    },
    {
        "folio": 477,
        "uuid": "eb069d24-88a8-4347-95b3-4c5749509cec"
    },
    {
        "folio": 478,
        "uuid": "fc1d239f-40ab-4912-9b8a-3508664b64d7"
    },
    {
        "folio": 479,
        "uuid": "74c4693a-28e9-4599-a58a-053546bff387"
    },
    {
        "folio": 480,
        "uuid": "f294c6be-bc26-4759-9b8d-fcb0d972173a"
    },
    {
        "folio": 481,
        "uuid": "a2c328b0-f1dc-4a12-8043-d9a66525bfbc"
    },
    {
        "folio": 482,
        "uuid": "3075768c-fd3b-4f67-b7f1-763555d8bf4e"
    },
    {
        "folio": 483,
        "uuid": "b4504f67-f87d-43bc-acbd-c8d4db3f50a6"
    },
    {
        "folio": 484,
        "uuid": "1a1cd583-03d8-436d-b85f-0d2ce571c2c8"
    },
    {
        "folio": 485,
        "uuid": "ad4ba4a7-e221-4587-88d5-99995ddb07e2"
    },
    {
        "folio": 486,
        "uuid": "15b9380c-c6ce-4c44-a7a0-f3642c08fc2e"
    },
    {
        "folio": 487,
        "uuid": "f5f77b86-d45f-4697-9675-304ab7602428"
    },
    {
        "folio": 488,
        "uuid": "5fb7d4c0-6c26-4121-8033-2e3bf16cc992"
    },
    {
        "folio": 489,
        "uuid": "14fcc55b-e796-41b3-be87-6b5efa5e3142"
    },
    {
        "folio": 490,
        "uuid": "54077465-a8e8-4714-9e17-6dc0ecd0f025"
    },
    {
        "folio": 491,
        "uuid": "a10c83f7-421b-465e-ad23-49a3c385a0b9"
    },
    {
        "folio": 492,
        "uuid": "4ff0a4bc-fbcc-42d3-a238-ec3b3608a693"
    },
    {
        "folio": 493,
        "uuid": "489e1ea7-b388-4447-aba1-a6781e0a0fc7"
    },
    {
        "folio": 494,
        "uuid": "2249f439-6a5a-4ba1-bde1-b5c9a2726eba"
    },
    {
        "folio": 495,
        "uuid": "a0744db1-49ca-410c-b56f-217f1bffc130"
    },
    {
        "folio": 496,
        "uuid": "22ccb750-74fa-476c-b053-ce34f6eae8ae"
    },
    {
        "folio": 497,
        "uuid": "c04a3035-2ef1-400a-9e29-9a483c893989"
    },
    {
        "folio": 498,
        "uuid": "7766ba6f-a3bd-47a9-a0fd-09370c821fd6"
    },
    {
        "folio": 499,
        "uuid": "5bb84d47-92d0-4d51-814e-ff90d817a7ee"
    },
    {
        "folio": 500,
        "uuid": "04d5513f-5c1a-4824-ad03-d3ee85c969ae"
    },
    {
        "folio": 501,
        "uuid": "dd951d3b-d70a-4fb2-85c7-eb47adbebd65"
    },
    {
        "folio": 502,
        "uuid": "e189fbee-cb2d-430d-b1b8-f8bb875a5e56"
    },
    {
        "folio": 503,
        "uuid": "b4bb794f-fd3c-47f0-b0d1-829db397e774"
    },
    {
        "folio": 504,
        "uuid": "865d1ac9-acc7-4fb0-aa06-8397d25f5a38"
    },
    {
        "folio": 505,
        "uuid": "0a7ebedb-829c-40ec-ac66-fc143b1b8e2e"
    },
    {
        "folio": 506,
        "uuid": "3a28b97f-7287-4d5f-8152-45e35e1ec988"
    },
    {
        "folio": 507,
        "uuid": "2f19d01c-adb6-474e-b4ce-b80a4045ef14"
    },
    {
        "folio": 508,
        "uuid": "ec53e837-e487-42bc-b7cd-24f6ddf92e85"
    },
    {
        "folio": 509,
        "uuid": "07f07693-d3ea-487f-b030-b5c19a20a515"
    },
    {
        "folio": 510,
        "uuid": "318b3b3e-46b2-418a-ab2e-bd3d6aca55dc"
    },
    {
        "folio": 511,
        "uuid": "a64d40fc-598d-4c1a-91f6-b40d1eb1873b"
    },
    {
        "folio": 512,
        "uuid": "4b534c92-0993-41eb-b374-82a8ef6552c3"
    },
    {
        "folio": 513,
        "uuid": "4d746085-3e35-43c6-bc70-e2a2b4691ae7"
    },
    {
        "folio": 514,
        "uuid": "511aa6aa-3e03-496d-8426-29cec4e31523"
    },
    {
        "folio": 515,
        "uuid": "c6bf5770-ecca-4f51-bc34-5f52f3f7a94a"
    },
    {
        "folio": 516,
        "uuid": "ffa97908-40ec-429d-a1ae-b7f50d3c1cbd"
    },
    {
        "folio": 517,
        "uuid": "59eedf4a-bb2c-4c72-8adf-d628df16ed85"
    },
    {
        "folio": 518,
        "uuid": "42d0da98-00f2-41dc-9b1f-e4cb9ad50fc3"
    },
    {
        "folio": 519,
        "uuid": "27bc75a7-8b41-4bbc-9001-9e88473e963b"
    },
    {
        "folio": 520,
        "uuid": "289e899d-709d-4a25-96e2-ff11f38d02b8"
    },
    {
        "folio": 521,
        "uuid": "69e4d4a8-4e51-429c-95fd-7ded617b363a"
    },
    {
        "folio": 522,
        "uuid": "de333108-4dde-495a-bdce-bbe50cf6108a"
    },
    {
        "folio": 523,
        "uuid": "ab0438a1-202b-404f-a6fd-6fb56fe9d452"
    },
    {
        "folio": 524,
        "uuid": "282c7df4-d6c1-43b0-9ddb-7e7c2b928fe8"
    },
    {
        "folio": 525,
        "uuid": "291a0714-d81a-4f7b-a828-b51b0efdde60"
    },
    {
        "folio": 526,
        "uuid": "94ed769a-3f34-4ca9-9d4c-342c9b9bf9f3"
    },
    {
        "folio": 527,
        "uuid": "71c6f21e-f728-4907-b2ba-daf41e1f612c"
    },
    {
        "folio": 528,
        "uuid": "9bca7cab-d552-431a-9682-5b3dbeb558cf"
    },
    {
        "folio": 529,
        "uuid": "8b43acff-4170-4f9d-8ce1-c5fe27dbdeb5"
    },
    {
        "folio": 530,
        "uuid": "61261690-0ca1-46f8-aa61-dcf82988f21e"
    },
    {
        "folio": 531,
        "uuid": "80f618c6-fe79-4ed1-aecd-ebb9f9b19c97"
    },
    {
        "folio": 532,
        "uuid": "27273b98-a5d7-42dc-a4e8-05aa09c62916"
    },
    {
        "folio": 533,
        "uuid": "c0f09b55-ca12-4010-bfc5-6efdc083cca3"
    },
    {
        "folio": 534,
        "uuid": "a2c0d4b9-0764-4828-86c4-aaa563faaa25"
    },
    {
        "folio": 535,
        "uuid": "de9facc9-96c6-472b-a853-de9df61de1d8"
    },
    {
        "folio": 536,
        "uuid": "b3daddec-2d01-4f07-8c5e-6095b7abb21e"
    },
    {
        "folio": 537,
        "uuid": "c353fce3-3747-49fc-9b0d-1228f47fbfc4"
    },
    {
        "folio": 538,
        "uuid": "001be934-46df-4c7a-a09b-8e7bb1bd9e06"
    },
    {
        "folio": 539,
        "uuid": "b5df31db-c639-42c0-933e-f4816ca12a20"
    },
    {
        "folio": 540,
        "uuid": "96ba07fc-1025-4fc8-a9b2-aa01ac06cf9a"
    },
    {
        "folio": 541,
        "uuid": "e845d561-39a0-4a99-8b36-c8fa98211111"
    },
    {
        "folio": 542,
        "uuid": "6b9b84b9-cb5b-4e98-b86a-6bf38dfa8221"
    },
    {
        "folio": 543,
        "uuid": "d0ac82ac-92c1-42ea-a928-229e7d6dc393"
    },
    {
        "folio": 544,
        "uuid": "1a55e73c-25f5-4e9f-93dd-f74cba995b9b"
    },
    {
        "folio": 545,
        "uuid": "d083e38f-0a15-4342-bc55-ae913f0048f1"
    },
    {
        "folio": 546,
        "uuid": "871d57ca-dce6-4772-8eb4-6aa800cf1676"
    },
    {
        "folio": 547,
        "uuid": "d8e2f3af-7c09-4786-a494-80a3b908694d"
    },
    {
        "folio": 548,
        "uuid": "c2cbff79-8ba8-4b82-aa4a-40eb59378f90"
    },
    {
        "folio": 549,
        "uuid": "34572437-945d-4adc-8d51-a7d7a0dab142"
    },
    {
        "folio": 550,
        "uuid": "5f9b6008-d601-4606-8a3c-2e5c0b9c7ba7"
    },
    {
        "folio": 551,
        "uuid": "1061047a-5ae6-472e-b836-7d53f24beec7"
    },
    {
        "folio": 552,
        "uuid": "597815c8-af6a-413b-b44a-894c36678b82"
    },
    {
        "folio": 553,
        "uuid": "69ce9faf-faa3-4baa-9910-1943e295221e"
    },
    {
        "folio": 554,
        "uuid": "32b9eff2-be87-4020-b586-ad6ce1d149c7"
    },
    {
        "folio": 555,
        "uuid": "93e266ad-cea8-4e1f-8206-e4691cf0f076"
    },
    {
        "folio": 556,
        "uuid": "b4cf7a8b-12e4-4813-a83f-f81460c2e427"
    },
    {
        "folio": 557,
        "uuid": "e401e1c9-2a98-40d0-ad66-2563131aebf2"
    },
    {
        "folio": 558,
        "uuid": "d5c43591-748e-4286-b258-a0498fde42eb"
    },
    {
        "folio": 559,
        "uuid": "f8efa50d-e9a3-4188-bc2a-1b01d8147f57"
    },
    {
        "folio": 560,
        "uuid": "521d8360-98df-4d0a-9987-26b071e73cd7"
    },
    {
        "folio": 561,
        "uuid": "51bcecff-ebe9-4c82-aade-6cca73da058e"
    },
    {
        "folio": 562,
        "uuid": "f7324c77-be90-4610-9595-8249f682dbea"
    },
    {
        "folio": 563,
        "uuid": "f3e0b01f-d4e7-42db-a702-d95985405b24"
    },
    {
        "folio": 564,
        "uuid": "0b2749ba-9806-4e2f-9ae0-c2e331587e63"
    },
    {
        "folio": 565,
        "uuid": "13d9acf4-4719-45cf-9f18-de4e4ea1ee76"
    },
    {
        "folio": 566,
        "uuid": "638af9db-9f39-48d7-9de3-e6ab6c65ffdc"
    },
    {
        "folio": 567,
        "uuid": "88408936-b090-4142-9a73-3a6a003550a5"
    },
    {
        "folio": 568,
        "uuid": "94f2bfd8-c49e-4a37-bb8f-6354954ec98f"
    },
    {
        "folio": 569,
        "uuid": "7e51fe10-ab91-4856-b62c-01f82b442bee"
    },
    {
        "folio": 570,
        "uuid": "e0fc0c85-4329-4843-9096-5d69532ce8b7"
    },
    {
        "folio": 571,
        "uuid": "ef94ea17-5793-4ab3-9e20-b0e3e0ac0a49"
    },
    {
        "folio": 572,
        "uuid": "f747ffde-0604-45b8-8d55-4e33024e5fea"
    },
    {
        "folio": 573,
        "uuid": "65cbe44c-282f-41c5-a784-5de5a08ed9a9"
    },
    {
        "folio": 574,
        "uuid": "43f6034f-54dd-4ef1-85ea-da897893abef"
    },
    {
        "folio": 575,
        "uuid": "40ed4f56-8f6c-47ca-9342-e8388a79ee58"
    },
    {
        "folio": 576,
        "uuid": "8f6cb828-da7c-4ffb-a384-02f57c6ee7e3"
    },
    {
        "folio": 577,
        "uuid": "8c14ac7f-78c2-4237-b00d-33c3dcd3aa3c"
    },
    {
        "folio": 578,
        "uuid": "91b095a7-7f45-4e62-a358-9c0a0a7180b1"
    },
    {
        "folio": 579,
        "uuid": "0ba9ed62-7f95-4cff-9eea-bd51dcb64422"
    },
    {
        "folio": 580,
        "uuid": "d9798f7f-ee18-467b-932c-2173744b624f"
    },
    {
        "folio": 581,
        "uuid": "a8e11293-ea8f-4e10-bc44-c76bc7caa5e9"
    },
    {
        "folio": 582,
        "uuid": "e249644c-6010-42b9-a517-21b7f59515b7"
    },
    {
        "folio": 583,
        "uuid": "5faf1a77-72a1-4546-a10e-18243d00d60d"
    },
    {
        "folio": 583,
        "uuid": "1710561d-d43c-4aa4-918d-d15d2fe44c38"
    },
    {
        "folio": 584,
        "uuid": "ec866f12-95e8-4562-a1e6-78a98779b554"
    },
    {
        "folio": 585,
        "uuid": "e0ce3061-d463-4743-b8f7-f5388a46557c"
    },
    {
        "folio": 586,
        "uuid": "f85cdc16-fe9d-47a8-a749-d302b7d21d63"
    },
    {
        "folio": 587,
        "uuid": "c018e457-046f-418f-b868-ccd47675dac7"
    },
    {
        "folio": 588,
        "uuid": "8e521543-578b-46f1-9f56-dfa1c629b1e3"
    },
    {
        "folio": 589,
        "uuid": "cbd19117-74fe-4dac-8b2b-9599c11956c2"
    },
    {
        "folio": 590,
        "uuid": "01ae97bb-32a9-469f-a5c0-cb89af78d627"
    },
    {
        "folio": 591,
        "uuid": "1d105aad-7651-4f65-aa01-0cae9bde00ff"
    },
    {
        "folio": 592,
        "uuid": "63407b55-f956-41d0-8507-6c4c8b2af871"
    },
    {
        "folio": 593,
        "uuid": "1fb460a6-9574-4aaa-8ab2-d1ed6dd2fd40"
    },
    {
        "folio": 594,
        "uuid": "238a7f70-cec6-45ea-9d9f-547756323453"
    },
    {
        "folio": 595,
        "uuid": "335e2f3e-4b4a-43a9-91b9-a4d9921c0f94"
    },
    {
        "folio": 596,
        "uuid": "b1b60e21-05a8-4609-bd9b-72a711169374"
    },
    {
        "folio": 597,
        "uuid": "d145f375-693c-40a8-9bad-7a782c1562b0"
    },
    {
        "folio": 598,
        "uuid": "209344a9-8cd1-4de4-8961-4c1c607aa082"
    },
    {
        "folio": 599,
        "uuid": "59d6ec64-6cca-4ef0-bf3c-67ea03e78aa4"
    },
    {
        "folio": 600,
        "uuid": "9b45f44f-63ea-4e7f-b19a-e98457bdde3f"
    },
    {
        "folio": 601,
        "uuid": "57be7c26-c463-4c74-95dd-5b891899b0b2"
    },
    {
        "folio": 602,
        "uuid": "4c91d53d-a5d0-4e59-89b8-0b47ad24ad84"
    },
    {
        "folio": 603,
        "uuid": "4801d962-6392-448b-97b1-b3c682bf254d"
    },
    {
        "folio": 604,
        "uuid": "9eb01d44-7418-49bc-8771-aa1a26fd0a80"
    },
    {
        "folio": 605,
        "uuid": "a7d18cec-cba9-458c-b761-4710fcd73f56"
    },
    {
        "folio": 606,
        "uuid": "2dd0c3b4-fa06-42e1-b998-f5ad3dead8ad"
    },
    {
        "folio": 607,
        "uuid": "4038c8b0-224b-4fd4-8fde-fb328067ac3b"
    },
    {
        "folio": 608,
        "uuid": "32c8d2a9-ab93-44a2-aef2-46d0afb6596f"
    },
    {
        "folio": 609,
        "uuid": "dd1d7517-87f2-48e9-b60a-056ddd018db0"
    },
    {
        "folio": 610,
        "uuid": "999d9b3a-b9de-40b8-bc12-c85cbe682158"
    },
    {
        "folio": 611,
        "uuid": "4542b406-1c22-4bc2-b091-0bf61673e62b"
    },
    {
        "folio": 612,
        "uuid": "c8aa1bdb-20b5-4dff-a93d-7205f4a654da"
    },
    {
        "folio": 613,
        "uuid": "928df6b2-7821-4692-9dd3-e142723b05fa"
    },
    {
        "folio": 614,
        "uuid": "b55548c1-4dff-4977-9724-3edf85f6eeb6"
    },
    {
        "folio": 615,
        "uuid": "fd5d353c-87c8-4705-895e-cbf21e683fee"
    },
    {
        "folio": 616,
        "uuid": "f939e923-0398-45d9-a23f-035d27d5f3b8"
    },
    {
        "folio": 617,
        "uuid": "a84aa7b6-9623-4ec8-aa70-bc3d51867f49"
    },
    {
        "folio": 618,
        "uuid": "a56a36d4-f91c-4ae9-beb3-0c73386c3e62"
    },
    {
        "folio": 619,
        "uuid": "b913b8f9-3369-47eb-9b7a-a05b143b546d"
    },
    {
        "folio": 620,
        "uuid": "77be0005-e596-42b9-a742-5aeb13405a74"
    },
    {
        "folio": 621,
        "uuid": "ae879a7f-8a6b-46a3-9beb-b47e67d517b9"
    },
    {
        "folio": 622,
        "uuid": "3b3d4f83-0c01-4026-a6b2-62232d1d00dd"
    },
    {
        "folio": 623,
        "uuid": "f40615d7-b629-45bb-b01e-d57240ae1b67"
    },
    {
        "folio": 624,
        "uuid": "ef3f94a3-2e25-4d12-9e62-e6df557abead"
    },
    {
        "folio": 625,
        "uuid": "f8efd228-5c15-408f-9f81-bf431bf37430"
    },
    {
        "folio": 626,
        "uuid": "fba2804c-89d2-4328-a46e-b52e7eafa3eb"
    },
    {
        "folio": 627,
        "uuid": "33501a17-c8c8-4ef3-b65d-1290231b71a5"
    },
    {
        "folio": 628,
        "uuid": "db007b69-598c-4845-827a-ee4567d0a393"
    },
    {
        "folio": 629,
        "uuid": "dbdfc5b8-3127-42ca-969d-7c551d16203f"
    },
    {
        "folio": 630,
        "uuid": "6f84ef3f-7786-4232-8ce4-e9154737a24b"
    },
    {
        "folio": 631,
        "uuid": "463ae262-4e1f-46db-bd24-f051887efae6"
    },
    {
        "folio": 632,
        "uuid": "a7b29466-37f1-456b-84f4-2e1429df8fbb"
    },
    {
        "folio": 633,
        "uuid": "d528e5f2-a487-4ea7-96b1-80a1b6bd5b42"
    },
    {
        "folio": 634,
        "uuid": "99c53508-7b56-4a3d-8b87-6611f3cb9a5a"
    },
    {
        "folio": 635,
        "uuid": "fc4cfd41-4ca7-4438-b17a-a5ac10eb3150"
    },
    {
        "folio": 636,
        "uuid": "0022c9a5-675b-4720-a464-efc6f56acb3f"
    },
    {
        "folio": 637,
        "uuid": "3cc6f31b-64ac-44b9-9fce-1b0599ec0dd5"
    },
    {
        "folio": 638,
        "uuid": "6515fa95-d652-4fd3-bda8-c3d0bfdcde62"
    },
    {
        "folio": 639,
        "uuid": "a36734ad-adca-4748-bc27-768c2bb9fdd2"
    },
    {
        "folio": 640,
        "uuid": "bf4e43c9-95fe-4b9b-b474-200644f3a711"
    },
    {
        "folio": 641,
        "uuid": "3fa2b960-9f13-4d48-8beb-707c6e770ebe"
    },
    {
        "folio": 642,
        "uuid": "84fd10c0-c2ef-4ba3-a48c-7ac84f912dd1"
    },
    {
        "folio": 643,
        "uuid": "fadc01eb-049f-4333-bfa5-4f58e17bec3e"
    },
    {
        "folio": 644,
        "uuid": "4275ebf4-2424-450d-902d-54024c4b00c3"
    },
    {
        "folio": 645,
        "uuid": "3b92dfe9-489f-4b8d-ac0d-76d0fadfce83"
    },
    {
        "folio": 646,
        "uuid": "e412d28d-4350-485f-a6ae-34661141cbc9"
    },
    {
        "folio": 647,
        "uuid": "35b74053-620a-402f-a77e-a3af42a2f3cd"
    },
    {
        "folio": 648,
        "uuid": "8780f36c-032b-4ca3-939e-2f20d0e0da07"
    },
    {
        "folio": 649,
        "uuid": "47245f1d-a01a-4879-98b1-0acb08b48c43"
    },
    {
        "folio": 650,
        "uuid": "b8b97a07-9be5-4536-a752-8bec338a00a6"
    },
    {
        "folio": 651,
        "uuid": "4222e0fe-13ca-40bd-a7a9-efd2082cdfe2"
    },
    {
        "folio": 652,
        "uuid": "63ea38b8-f8d6-4681-8c6d-ac3203af6fde"
    },
    {
        "folio": 653,
        "uuid": "d6f0d037-80ce-4e6b-b616-2f66303aeb51"
    },
    {
        "folio": 654,
        "uuid": "980de1f7-20db-49cc-a3cb-3b1534d3ebdd"
    },
    {
        "folio": 655,
        "uuid": "e369bfb3-0277-44d6-9f8c-0961dda8a6b7"
    },
    {
        "folio": 656,
        "uuid": "71034473-4a29-4a0e-a8ed-e6fe46bd7cd9"
    },
    {
        "folio": 657,
        "uuid": "a01482ee-1a49-4894-8ca4-d9d344737888"
    },
    {
        "folio": 658,
        "uuid": "d7c66b31-6bc4-4175-9e95-7af4d2ee8d93"
    },
    {
        "folio": 659,
        "uuid": "f1820305-d178-4bda-8c7d-9fba89f01925"
    },
    {
        "folio": 660,
        "uuid": "e9bfeedb-8c4b-41e9-8915-758c6e5315b3"
    },
    {
        "folio": 661,
        "uuid": "cb0efd47-6459-4e50-aef9-7ef0f9e35471"
    },
    {
        "folio": 662,
        "uuid": "03dfefd5-9a0a-498b-9f56-952e20abfb58"
    },
    {
        "folio": 663,
        "uuid": "3b807390-8b3b-4b32-95d9-399ca9cbb766"
    },
    {
        "folio": 664,
        "uuid": "aef585ec-8bf9-400f-9bdb-c90abecf0fec"
    },
    {
        "folio": 665,
        "uuid": "32dbed86-77cd-41a0-bff7-4dfcfcc1f017"
    },
    {
        "folio": 666,
        "uuid": "9a72680f-2107-4fa2-9952-8c03325ecf60"
    },
    {
        "folio": 667,
        "uuid": "dc87a227-9cdd-4f0e-beb3-cfb5f0ce7e0e"
    },
    {
        "folio": 668,
        "uuid": "c04b6a77-6615-44b8-a723-193cb3404451"
    },
    {
        "folio": 669,
        "uuid": "25c326ef-631c-4e5c-a031-186fa2d9ec40"
    },
    {
        "folio": 670,
        "uuid": "0aaf3a79-e238-4bba-a086-2cd629e34d02"
    },
    {
        "folio": 671,
        "uuid": "4e5f26a8-4774-4268-887f-800a4117aa34"
    },
    {
        "folio": 672,
        "uuid": "3b9ad06c-9e0c-4e24-9d62-cf31206985ac"
    },
    {
        "folio": 673,
        "uuid": "d0a8ddb0-b3e6-4b50-afb9-e1017935c415"
    },
    {
        "folio": 674,
        "uuid": "4d10ff07-a8c7-4851-afb4-533196ae32f0"
    },
    {
        "folio": 675,
        "uuid": "1e27ee08-c664-4437-abf5-a0ce9135afc9"
    },
    {
        "folio": 676,
        "uuid": "1c96822e-67be-4f5d-ae62-2096747eb956"
    },
    {
        "folio": 677,
        "uuid": "8503f6c8-509d-4d26-aafb-3f384c678688"
    },
    {
        "folio": 678,
        "uuid": "a1b1f6c7-ad6a-4941-9617-639dee88e5f2"
    },
    {
        "folio": 679,
        "uuid": "1a82f784-f749-4ff9-abb4-796b5e661eea"
    },
    {
        "folio": 680,
        "uuid": "70cd6774-326f-49a3-af3a-04687444de42"
    },
    {
        "folio": 681,
        "uuid": "86961ccc-ee26-49fe-a756-22c3356a9fd7"
    },
    {
        "folio": 682,
        "uuid": "12fcd8c9-963d-4171-ad0c-3c088eae6314"
    },
    {
        "folio": 683,
        "uuid": "678c8457-e7fc-4a28-8014-105b6bb7c771"
    },
    {
        "folio": 684,
        "uuid": "eae1155b-0a60-41b1-8939-0472fa071180"
    },
    {
        "folio": 685,
        "uuid": "292f4952-4d9f-4d2a-838a-1d8e1ddb175f"
    },
    {
        "folio": 686,
        "uuid": "ed8c3764-77f5-4af2-9c70-bc84e0fce01e"
    },
    {
        "folio": 687,
        "uuid": "6e408eac-c7ec-4045-9e32-d8679f209faf"
    },
    {
        "folio": 688,
        "uuid": "1282135f-2fbe-4a01-bd79-f8470fd81e68"
    },
    {
        "folio": 689,
        "uuid": "afcf5e69-03ba-45f6-a9bb-091e0878567d"
    },
    {
        "folio": 690,
        "uuid": "08e8acab-34c9-4135-a2fd-bb836a7a7917"
    },
    {
        "folio": 691,
        "uuid": "6de8f272-642d-44b9-8f7a-86a5986d34ea"
    },
    {
        "folio": 692,
        "uuid": "4ced68fb-ca7a-41dd-81e3-2054af377807"
    },
    {
        "folio": 693,
        "uuid": "5ab09a12-62e9-43f9-bd3b-5a94f8caddcb"
    },
    {
        "folio": 694,
        "uuid": "a77ec707-8f38-49d8-96d9-86c923fb6d94"
    },
    {
        "folio": 695,
        "uuid": "334813f1-4234-4638-b7da-69e29ad664bd"
    },
    {
        "folio": 696,
        "uuid": "91804eed-69dc-4055-800d-af78bf9a1b16"
    },
    {
        "folio": 697,
        "uuid": "c1af8014-9871-4241-8784-518ecbba725a"
    },
    {
        "folio": 698,
        "uuid": "b9696fd5-9f85-49d0-b053-3890b0134b71"
    },
    {
        "folio": 699,
        "uuid": "6c947a5a-1196-452f-b603-5ad0598f8a88"
    },
    {
        "folio": 700,
        "uuid": "149989a1-fc9a-424b-8841-b2d34a11ff80"
    },
    {
        "folio": 701,
        "uuid": "3977a2ba-1e74-460f-b3dd-2d15e82454b0"
    },
    {
        "folio": 702,
        "uuid": "83e70dc0-cae2-4271-b5ea-0c20204129cb"
    },
    {
        "folio": 703,
        "uuid": "450e529f-40a2-41f6-a88b-6f2168715da4"
    },
    {
        "folio": 704,
        "uuid": "f35530c9-5168-4a2f-b676-84784cb13a4d"
    },
    {
        "folio": 705,
        "uuid": "6f69ddbb-7e62-45bb-a95d-ea5116b999a0"
    },
    {
        "folio": 706,
        "uuid": "67386d05-4f0f-426f-902f-0b1c423883f8"
    },
    {
        "folio": 707,
        "uuid": "aa364773-0650-4cfe-b213-b048ef76e3d3"
    },
    {
        "folio": 708,
        "uuid": "dbf4af65-e71d-42a7-9b68-6fdd7cad86b4"
    },
    {
        "folio": 709,
        "uuid": "4e61f5c4-57d9-4351-be89-8ceb034359a1"
    },
    {
        "folio": 710,
        "uuid": "b5f3de74-cfae-477c-ad2b-24e20d67da80"
    },
    {
        "folio": 711,
        "uuid": "4c4fed8d-d327-4307-a7bd-8fc06eca654a"
    },
    {
        "folio": 712,
        "uuid": "5b18f56d-3ffa-4675-ac50-6d5865f09c38"
    },
    {
        "folio": 713,
        "uuid": "8e54ce06-33ea-4189-821f-db85e514ab41"
    },
    {
        "folio": 714,
        "uuid": "0803e10c-b41d-4dbc-8ec8-e4ab333b259f"
    },
    {
        "folio": 715,
        "uuid": "48971382-446a-4f9b-9225-e56d90d70edb"
    },
    {
        "folio": 716,
        "uuid": "62f5026b-d231-4800-af81-10a4dd81d926"
    },
    {
        "folio": 717,
        "uuid": "96b67688-cfb6-4e54-8628-e17832c14dd8"
    },
    {
        "folio": 718,
        "uuid": "55279f26-f643-4066-955f-cd75b555f835"
    },
    {
        "folio": 719,
        "uuid": "848b7036-c282-4219-a497-920462eee0b5"
    },
    {
        "folio": 720,
        "uuid": "a20bb437-dcd2-4742-9bd4-fae5fe16da16"
    },
    {
        "folio": 721,
        "uuid": "e33221fd-7a74-4569-aab3-0393f0509371"
    },
    {
        "folio": 722,
        "uuid": "5a3e5e9e-992d-4be9-80e5-b035a698cdc5"
    },
    {
        "folio": 723,
        "uuid": "0c25d8a6-1a6a-4923-8109-ed291a948724"
    },
    {
        "folio": 724,
        "uuid": "df0d1cf4-9742-486e-a30c-f65659c343f8"
    },
    {
        "folio": 725,
        "uuid": "2142d2c2-9e2e-4f41-a7c1-082e2c9f25f4"
    },
    {
        "folio": 726,
        "uuid": "3d0948e9-d2d5-4a38-b755-0def0974b90f"
    },
    {
        "folio": 727,
        "uuid": "af9c8ff8-8e9c-4e18-acd6-2de050305233"
    },
    {
        "folio": 728,
        "uuid": "e807ca17-deb9-49f6-8235-9f3d5185c4ae"
    },
    {
        "folio": 729,
        "uuid": "c81656da-1f69-46d6-9060-f1beb23c0fa2"
    },
    {
        "folio": 730,
        "uuid": "c203f5b6-9c8e-45af-adee-bd57745e8645"
    },
    {
        "folio": 731,
        "uuid": "1d639768-77e1-49ed-85e0-3e61f9537ad1"
    },
    {
        "folio": 732,
        "uuid": "2560ba71-3a13-4940-8d48-b8e5bc8ccf95"
    },
    {
        "folio": 733,
        "uuid": "5e065144-bb21-475c-aed0-148e62494a2d"
    },
    {
        "folio": 734,
        "uuid": "bc1201b5-4cc5-4fee-a98e-c6fb1d33d467"
    },
    {
        "folio": 735,
        "uuid": "74b54d94-fc14-4c51-bcf2-058db970e673"
    },
    {
        "folio": 736,
        "uuid": "7df2250d-4655-43cd-8d47-c4a465f36bf7"
    },
    {
        "folio": 737,
        "uuid": "7de686b9-0b76-4360-a2d7-99d616d8e490"
    },
    {
        "folio": 738,
        "uuid": "4364aa9b-876f-46a5-b758-3144e00a14e5"
    },
    {
        "folio": 739,
        "uuid": "10ae84ce-a0f7-4b2d-82dc-23aa36091e68"
    },
    {
        "folio": 740,
        "uuid": "ab195ac1-4d51-46aa-a53d-ca96d381910c"
    },
    {
        "folio": 741,
        "uuid": "f4575647-9585-43a3-a61d-4df6941e1938"
    },
    {
        "folio": 742,
        "uuid": "3baf744b-988c-4092-a8af-55a062eb4d68"
    },
    {
        "folio": 743,
        "uuid": "d2c66454-2a37-4fec-90f6-40e01f8b1577"
    },
    {
        "folio": 744,
        "uuid": "7c7428d3-b61b-423c-a531-17f943201d00"
    },
    {
        "folio": 745,
        "uuid": "32e4b238-be4e-45c2-aab7-5e2139705fac"
    },
    {
        "folio": 746,
        "uuid": "bba6ae53-0f4e-4ab3-a0df-37a158bf7c07"
    },
    {
        "folio": 747,
        "uuid": "d6593ad5-f278-40b9-98d3-1ff1d0764160"
    },
    {
        "folio": 748,
        "uuid": "455d855b-c862-477d-9386-0b616179a29c"
    },
    {
        "folio": 749,
        "uuid": "a672ea54-297e-4ffa-bc9a-5665f99273f3"
    },
    {
        "folio": 750,
        "uuid": "8e0edebd-a2d5-4ecd-89bf-d50e81863096"
    },
    {
        "folio": 751,
        "uuid": "c36ef42f-6590-4649-b6a2-45a2899e8973"
    },
    {
        "folio": 752,
        "uuid": "5cef6068-69ee-4c88-80f4-68a24aab2181"
    },
    {
        "folio": 753,
        "uuid": "743f52e9-8a60-4bde-9b77-80440dd7f5d9"
    },
    {
        "folio": 754,
        "uuid": "a03f73d1-056e-4147-bb8c-f1d651d797eb"
    },
    {
        "folio": 755,
        "uuid": "bdc1e3ff-ba33-4bc7-b9ed-830bae71ea76"
    },
    {
        "folio": 756,
        "uuid": "1862459d-c528-40fe-9173-3138a7b7bc62"
    },
    {
        "folio": 757,
        "uuid": "b53b5699-983d-4304-ad4d-a0c7aa4b689a"
    },
    {
        "folio": 758,
        "uuid": "5eeaeff3-d8c9-4058-a5c1-ba655bd52550"
    },
    {
        "folio": 759,
        "uuid": "00b7fe4f-c976-473d-a23f-ce86d5540104"
    },
    {
        "folio": 760,
        "uuid": "2ceeff24-061d-4189-a64c-3435b5245221"
    },
    {
        "folio": 761,
        "uuid": "8ecb19ee-14ec-4007-b2c6-c53e71b28e0e"
    },
    {
        "folio": 762,
        "uuid": "0eeb35a2-42c9-497f-83ce-af04cc328c63"
    },
    {
        "folio": 763,
        "uuid": "bfdd82c5-2eb5-4511-8da6-00b47fbb8ebe"
    },
    {
        "folio": 764,
        "uuid": "63c408d4-aaae-4d0f-923d-ecbf0395d6e9"
    },
    {
        "folio": 765,
        "uuid": "5d8eee8e-55ae-4f7c-8281-8ecf3c81423f"
    },
    {
        "folio": 766,
        "uuid": "3032d614-90fd-458f-ac26-8eca3bd3788c"
    },
    {
        "folio": 767,
        "uuid": "2c681f27-5551-4135-aa2a-14822a88ac70"
    },
    {
        "folio": 768,
        "uuid": "055a97c9-3c44-4ba2-a33c-351cfcf25e87"
    },
    {
        "folio": 769,
        "uuid": "0b77e42c-76b3-4322-acab-c5d4fb5fde21"
    },
    {
        "folio": 770,
        "uuid": "20b58000-5afa-465f-b0fc-8c852c4ba25d"
    },
    {
        "folio": 771,
        "uuid": "8c15683d-216e-4ae5-a7c6-0a308f83c2cc"
    },
    {
        "folio": 772,
        "uuid": "c1311177-3fe0-45de-a6e7-6005248e1eca"
    },
    {
        "folio": 773,
        "uuid": "ea890cc7-6530-4438-8b1d-4078e58fd5e1"
    },
    {
        "folio": 774,
        "uuid": "1dc5d7f6-bad3-4de9-8634-993a2f6754c0"
    },
    {
        "folio": 775,
        "uuid": "a570fdae-efd1-412e-b8c6-f050ba70f1e7"
    },
    {
        "folio": 776,
        "uuid": "b99283aa-1672-426c-8ae7-8aa2575d508e"
    },
    {
        "folio": 777,
        "uuid": "ba3aaf62-2871-489f-9625-7e36c0b4d99b"
    },
    {
        "folio": 778,
        "uuid": "83ee1a73-ab6e-4814-976e-2281c0d9346a"
    },
    {
        "folio": 779,
        "uuid": "2c443f3c-a24d-4661-8622-e6eb8b6e229e"
    },
    {
        "folio": 780,
        "uuid": "bc1b1f84-e0aa-4a2e-a927-728e8d50eeeb"
    },
    {
        "folio": 781,
        "uuid": "beb5cd31-06df-43de-b06a-c9d046a7b43f"
    },
    {
        "folio": 782,
        "uuid": "a311291b-b0c1-4699-b860-bf4b4c706017"
    },
    {
        "folio": 783,
        "uuid": "d767c4dd-2eed-4beb-8c0b-e16bcddac049"
    },
    {
        "folio": 784,
        "uuid": "9d740661-f497-42b2-a9e9-3a88d520695c"
    },
    {
        "folio": 785,
        "uuid": "9f026649-3329-4360-a452-c8a39563c776"
    },
    {
        "folio": 786,
        "uuid": "9e8fdc20-2a88-403d-b36b-d6588003a3dc"
    },
    {
        "folio": 787,
        "uuid": "b6a1c9c6-4a32-41e7-a610-d7d516ba1a7e"
    },
    {
        "folio": 788,
        "uuid": "748b26f1-73b9-4dc8-9682-41ee59433c5b"
    },
    {
        "folio": 789,
        "uuid": "9a139f90-986a-46b6-b6f4-91be26048f63"
    },
    {
        "folio": 790,
        "uuid": "7b61af3c-a509-4b66-bce1-881269588fb2"
    },
    {
        "folio": 791,
        "uuid": "5d8518ce-9ed1-4a6f-ad57-0b67bfedeb4a"
    },
    {
        "folio": 792,
        "uuid": "9df272dd-3369-4fbf-8fb4-3fb89fa91160"
    },
    {
        "folio": 793,
        "uuid": "84a13139-a12e-47a9-9e50-3e441a48be46"
    },
    {
        "folio": 794,
        "uuid": "a95cfa51-8ec5-4e47-8980-02b9c2546fa6"
    },
    {
        "folio": 795,
        "uuid": "a613ad12-6a90-4a30-b22c-607b617aeee6"
    },
    {
        "folio": 796,
        "uuid": "3876f6a6-d702-44e3-9398-ed9d40270532"
    },
    {
        "folio": 797,
        "uuid": "8dea43e2-d037-420d-be61-d2e79dbc748c"
    },
    {
        "folio": 798,
        "uuid": "e4b7be69-daff-4b05-84cf-d52d7ed14a12"
    },
    {
        "folio": 799,
        "uuid": "2ada7be5-7930-4471-bac1-bbff1f88e8a9"
    },
    {
        "folio": 800,
        "uuid": "e089f9e5-91f5-4c34-aecf-55964dc4b9ac"
    },
    {
        "folio": 801,
        "uuid": "9f942bf9-8d93-44a9-b4cc-b779b65af9e0"
    },
    {
        "folio": 802,
        "uuid": "51dc4f33-81a4-4b3e-8ce4-3216f7a6d814"
    },
    {
        "folio": 803,
        "uuid": "31448e55-08a2-4ec7-ac3f-bcf5e4791583"
    },
    {
        "folio": 804,
        "uuid": "08fd21df-e5d9-4deb-9539-d34b83420fb9"
    },
    {
        "folio": 805,
        "uuid": "f2179e33-74fc-42a1-8870-512d1abc198c"
    },
    {
        "folio": 806,
        "uuid": "8267ef21-1ce5-4abf-94a3-1e4bc7ebe88a"
    },
    {
        "folio": 807,
        "uuid": "19fa9dbb-62b4-4ad4-aa81-0a17d3327891"
    },
    {
        "folio": 808,
        "uuid": "d98c1e51-fb1d-4abb-833b-cf8fbaadeac3"
    },
    {
        "folio": 809,
        "uuid": "a5e01ee7-d02e-4479-baeb-2cc9ce306577"
    },
    {
        "folio": 810,
        "uuid": "1f2fa19f-a970-426a-91b0-8f2e333343b1"
    },
    {
        "folio": 811,
        "uuid": "d9dc047f-883f-4c40-9dcd-421d0a4b2910"
    },
    {
        "folio": 812,
        "uuid": "de50b89c-565a-4969-bdef-1f657dbc2f23"
    },
    {
        "folio": 813,
        "uuid": "489ec16b-9f59-41d2-b766-d110fb15f834"
    },
    {
        "folio": 814,
        "uuid": "426f3def-6e0d-474e-82af-95ad6ed12a4c"
    },
    {
        "folio": 815,
        "uuid": "16999761-181c-456a-9980-65be5f399fce"
    },
    {
        "folio": 816,
        "uuid": "177cf8da-b6c0-4e5c-bd36-158223fc6e5f"
    },
    {
        "folio": 817,
        "uuid": "2cb59dc6-7d43-4f4b-aa26-8d1ab0224171"
    },
    {
        "folio": 818,
        "uuid": "d2d0e2a2-34b7-466c-86c0-29ffc2c9e733"
    },
    {
        "folio": 819,
        "uuid": "9f5fe679-35b5-4cbd-9401-7bc2e8b370f7"
    },
    {
        "folio": 820,
        "uuid": "e204ab23-6c5b-4e69-b246-5e100e7326a3"
    },
    {
        "folio": 821,
        "uuid": "e27083be-9a25-462f-a794-8c528ee8f845"
    },
    {
        "folio": 822,
        "uuid": "26f085b5-5981-42d1-9faa-411cb93b23d0"
    },
    {
        "folio": 823,
        "uuid": "1ab990a3-e232-4b95-91c3-13274ba0d3b5"
    },
    {
        "folio": 824,
        "uuid": "4654638b-38fb-439d-9da5-58d5b2fc99e4"
    },
    {
        "folio": 825,
        "uuid": "60479159-dc6d-40e2-a542-a04d590cb14e"
    },
    {
        "folio": 826,
        "uuid": "da566a16-a770-4d49-8ad1-1ab8b64fd527"
    },
    {
        "folio": 827,
        "uuid": "04f69c62-6de5-4da4-8c13-fccc48cf0e86"
    },
    {
        "folio": 828,
        "uuid": "a4e270ed-9eb5-4f1e-913c-5cc6896aa835"
    },
    {
        "folio": 829,
        "uuid": "24bffcfa-72cd-40d1-bab5-dd1cba2a5fee"
    },
    {
        "folio": 830,
        "uuid": "68c1a792-a08f-4a33-b3b6-a3378b35bdd5"
    },
    {
        "folio": 831,
        "uuid": "7c779e0d-7ce3-401b-8957-29592d42ccc4"
    },
    {
        "folio": 832,
        "uuid": "efcdb184-a683-4c47-b828-992fd75ff0c7"
    },
    {
        "folio": 833,
        "uuid": "d61fe20f-c082-41d2-9ef4-18897d602394"
    },
    {
        "folio": 834,
        "uuid": "471dae44-dad8-4847-80d3-a243d2d72293"
    },
    {
        "folio": 835,
        "uuid": "25a2e65f-d605-455c-939e-3d03710658e6"
    },
    {
        "folio": 836,
        "uuid": "545dda00-cc8b-4371-b26e-15f24a699cd4"
    },
    {
        "folio": 837,
        "uuid": "d50c8956-0a1b-4c61-b5d8-5b8eb2a18582"
    },
    {
        "folio": 838,
        "uuid": "f1076b2e-71de-40d3-9960-7187d2e75447"
    },
    {
        "folio": 839,
        "uuid": "ac49edc4-74de-4f07-a847-dc0cd2d8ae39"
    },
    {
        "folio": 840,
        "uuid": "30909a16-90a5-4061-8150-a8e6650011aa"
    }
]
